cost,skills,user_id,user_name
4.297726428212269,['t0'],0,w00
2.132081508683731,['t1'],1,w01
12.26515493939695,['t0'],2,w02
5.139157757348468,['t1'],3,w03
9.39867982387689,['t0'],4,w04
24.54341870678767,['t1'],5,w05
20.872129723461242,['t0'],6,w06
9.714885636811054,['t1'],7,w07
5.262850503927248,['t0'],8,w08
4.577235234423704,['t1'],9,w09
