cost,skills,user_id,user_name
3.6332870854220936,['t00'],0,w00
11.040389014665804,"['t01', 't00', 't07', 't05']",1,w01
5.957952452626454,"['t01', 't05']",2,w02
3.9885078778831735,"['t00', 't01', 't05']",3,w03
2.2405809474463907,['t00'],4,w04
20.605562898351412,"['t01', 't05']",5,w05
21.4630731554442,"['t00', 't01', 't05', 't04']",6,w06
29.060038837781207,['t00'],7,w07
10.47494665125682,"['t01', 't00', 't04']",8,w08
17.240610434312387,"['t01', 't04']",9,w09
