skill,skill_id,valuation
t00,0,17.29118822400445
t01,1,9.080510136582413
t02,2,5.341300725740866
t03,3,14.947327350722096
t04,4,7.414270170082293
t05,5,7.576386443536448
t06,6,5.170102086382512
t07,7,9.623281018784526
t08,8,4.116256575850946
t09,9,16.035807333103303
