cost,skills,user_id,user_name
5.32155484218898,['t01'],0,w00
15.28808543307954,"['t00', 't06']",1,w01
7.640354744588253,['t01'],2,w02
17.482623686130665,['t00'],3,w03
2.8389111708945807,"['t01', 't07', 't02']",4,w04
16.845285357528265,"['t00', 't04']",5,w05
8.251902830640422,"['t01', 't03']",6,w06
7.112931182903488,"['t00', 't02', 't05']",7,w07
19.03117921836548,['t01'],8,w08
23.467778382393185,"['t00', 't06']",9,w09
