cost,skills,user_id,user_name
7.66533414932962,"['t01', 't07', 't04']",0,w0
11.174636450621106,"['t00', 't03']",1,w1
14.982175362742739,"['t01', 't05']",2,w2
10.470949242579707,"['t00', 't04', 't02']",3,w3
18.369545811822753,"['t01', 't02', 't06']",4,w4
