skill,skill_id,valuation
t00,0,3.1607150244102122
t01,1,3.762104225894216
t02,2,4.99760323952702
t03,3,2.971557045078492
t04,4,3.349604793392237
t05,5,5.818642602465632
t06,6,7.463111605363533
t07,7,9.389207056112172
t08,8,2.637306138841704
t09,9,3.261062237974989
