skill,skill_id,valuation
t00,0,2.615388392686147
t01,1,1.3915461361175523
t02,2,5.2258197311416
t03,3,7.880706489033641
t04,4,5.2196143701215325
t05,5,9.005012241749649
t06,6,6.899043819210389
t07,7,4.229402397765989
t08,8,2.0536990432913833
t09,9,5.272180444224494
