skill,skill_id,valuation
t0,0,3.288031808590482
t1,1,19.666041097204076
t2,2,1.0539174213626004
t3,3,6.029326409901731
t4,4,8.578944077217873
