cost,skills,user_id,user_name
2.3511129918748646,['t0'],0,w00
1.2292058576648945,['t0'],1,w01
1.6283846750380495,['t0'],2,w02
2.944909105430708,['t0'],3,w03
1.2910701983348902,['t0'],4,w04
5.783766774890985,['t0'],5,w05
7.300940642880756,['t0'],6,w06
5.60104617391082,['t0'],7,w07
11.689855242398071,['t0'],8,w08
8.458528675463056,['t0'],9,w09
