skill,freq,skill_id,valuation,new_value
telemarketing,4,147,16.607723132024127,66
unity 3d,3,152,16.50828596262794,111
anything goes,22,15,12.822894665296193,35
ghostwriting,36,71,2.393875573183216,96
greek,6,73,13.336170295615439,50
flash,47,66,9.317029777222347,58
prestashop,8,118,1.4202837022008017,70
music,9,104,8.62321315583484,116
facebook marketing,47,63,7.560163280909197,63
website design,332,166,7.614093159334723,72
