skill,skill_id,valuation
t00,0,6.25196662943068
t01,1,1.5974299996735462
t02,2,19.708830410509222
t03,3,13.012724206769368
t04,4,9.300893399025108
t05,5,5.869469714735172
t06,6,18.89663750728451
t07,7,9.209179152107968
t08,8,1.5299738817433481
t09,9,15.134456049654858
