cost,skills,user_id,user_name
7.993694726673365,"['t01', 't07']",0,w0
3.6409536513765417,"['t00', 't04', 't03']",1,w1
15.288708391895776,"['t01', 't03', 't05']",2,w2
10.58462331609506,"['t00', 't02']",3,w3
30.741374074031054,"['t01', 't05', 't06']",4,w4
