skill,skill_id,valuation
t00,0,8.478234692492066
t01,1,5.596796722272827
t02,2,2.440628262429511
t03,3,2.5057049720438664
t04,4,1.3919228195159254
t05,5,9.894666448764902
t06,6,7.845370129685404
t07,7,1.8428050991649192
t08,8,8.791407639787518
t09,9,9.982963545115071
