cost,skills,user_id,user_name
2.14563928212883,"['t02', 't09', 't04']",0,w0
2.6749499067045885,"['t00', 't04']",1,w1
18.843874437078256,"['t01', 't04', 't03']",2,w2
11.96961715724381,['t02'],3,w3
35.70631594127936,['t00'],4,w4
