cost,skills,user_id,user_name
2.14563928212883,"['t00', 't06', 't05']",0,w0
2.6749499067045885,"['t01', 't05']",1,w1
12.562582958052172,"['t02', 't05', 't07']",2,w2
17.954425735865712,['t00'],3,w3
35.70631594127936,['t01'],4,w4
