cost,skills,user_id,user_name
5.245839086589011,"['t02', 't09', 't04']",0,w00
5.72108790403931,['t00'],1,w01
2.4097012776173425,"['t01', 't04']",2,w02
3.131736284385163,"['t02', 't04']",3,w03
2.8156668175001274,"['t00', 't04']",4,w04
11.05668032130915,['t01'],5,w05
12.762472915132092,"['t02', 't04']",6,w06
7.685912227693056,"['t00', 't04', 't03']",7,w07
11.77127020055807,"['t01', 't03', 't06']",8,w08
21.579479380309365,['t02'],9,w09
