cost,skills,user_id,user_name
5.726312524466017,"['t00', 't06']",0,w00
10.51405223258682,['t01'],1,w01
7.24891366990237,"['t02', 't06']",2,w02
16.979743478343252,['t00'],3,w03
17.8757994591247,['t01'],4,w04
11.018862074946759,"['t02', 't06']",5,w05
2.992859802625227,"['t00', 't06']",6,w06
23.420618717002643,"['t01', 't06']",7,w07
2.4422859937049326,"['t02', 't06', 't05']",8,w08
22.876314410409677,"['t00', 't05', 't07']",9,w09
