skill,skill_id,valuation
t00,0,5.547867873098813
t01,1,4.744766816921181
t02,2,6.268219440870659
t03,3,3.234345720473823
t04,4,5.231529970984085
t05,5,7.750891742554413
t06,6,3.125278100503667
t07,7,3.199157706047514
t08,8,3.9203307558434606
t09,9,6.051217348478489
