cost,skills,user_id,user_name
2.6810270758684998,"['t02', 't09']",0,w00
9.901066001096066,['t00'],1,w01
14.619698243104454,"['t01', 't09']",2,w02
3.2860916908223956,"['t02', 't09']",3,w03
4.14644507586446,"['t00', 't09']",4,w04
13.483047588029404,"['t01', 't09', 't04']",5,w05
13.497126002536618,"['t02', 't04']",6,w06
19.03292046390389,"['t00', 't04', 't03', 't06']",7,w07
35.64651846177238,"['t01', 't06', 't08']",8,w08
18.37715706087916,"['t02', 't08', 't07', 't05']",9,w09
