cost,skills,user_id,user_name
10.724108303473999,"['t00', 't06']",0,w00
2.4752665002740164,['t01'],1,w01
14.619698243104454,"['t02', 't06']",2,w02
3.2860916908223956,"['t00', 't06']",3,w03
4.14644507586446,"['t01', 't06']",4,w04
13.483047588029404,"['t02', 't06', 't05']",5,w05
13.497126002536618,"['t00', 't05']",6,w06
19.03292046390389,"['t01', 't05', 't07', 't03']",7,w07
35.64651846177238,"['t02', 't03', 't09']",8,w08
18.37715706087916,"['t00', 't09', 't08', 't04']",9,w09
