cost,skills,user_id,user_name
6.583955034571444,"['t0', 't3']",0,w00
24.465819822705377,"['t0', 't3']",1,w01
5.240530008840383,"['t0', 't3']",2,w02
1.4094392438391585,"['t0', 't3']",3,w03
9.713144195711525,"['t0', 't3']",4,w04
15.955814562934643,['t0'],5,w05
17.92039349961282,['t0'],6,w06
19.77503860692598,"['t0', 't3']",7,w07
5.795587150076205,"['t0', 't3']",8,w08
24.312720861428573,['t0'],9,w09
