skill,skill_id,valuation
t00,0,2.1380978944249596
t01,1,1.2517808567439725
t02,2,5.466846847960811
t03,3,8.444141004879413
t04,4,8.383463345745092
t05,5,4.025879206363705
t06,6,8.132748815242142
t07,7,1.8484447288673405
t08,8,4.110104800959888
t09,9,4.539667593394137
