cost,skills,user_id,user_name
1.8823620389181785,"['t00', 't06', 't05']",0,w00
2.5209566567788535,"['t01', 't05']",1,w01
2.525467180804581,"['t02', 't05']",2,w02
6.328192668230264,"['t00', 't05', 't07']",3,w03
4.40924469656513,"['t01', 't07']",4,w04
10.0368646367758,"['t02', 't07']",5,w05
20.59206658598827,"['t00', 't07', 't03']",6,w06
15.838513168151701,['t01'],7,w07
18.407600797669133,"['t02', 't03']",8,w08
26.072300021245375,"['t00', 't03', 't09']",9,w09
