skill,skill_id,valuation
t00,0,3.7142273015353315
t01,1,10.699116392528921
t02,2,17.111128969164273
t03,3,4.495360116622077
t04,4,7.000875100746637
t05,5,7.858691784338521
t06,6,4.117647632497967
t07,7,12.798341477992205
t08,8,10.463567250704667
t09,9,8.166474300422077
