skill,skill_id,valuation
t00,0,2.285686616516736
t01,1,5.594318291197911
t02,2,8.631587406446236
t03,3,2.6556968973473
t04,4,3.8425197845641965
t05,5,4.24885400310772
t06,6,2.476780457499037
t07,7,6.588688068522623
t08,8,5.482742381912737
t09,9,4.394645721252564
