skill,skill_id,valuation
t00,0,15.351740111396154
t01,1,4.570090901866974
t02,2,16.577036659248634
t03,3,3.7747752230963267
t04,4,13.498614368758727
t05,5,14.557943414121228
t06,6,7.532522141420101
t07,7,9.046949743120699
t08,8,19.343264546910948
t09,9,4.921483590527952
