skill,skill_id,valuation
t0,0,10.088007032314044
t1,1,15.027689251860023
t2,2,2.2306619522319546
t3,3,1.7167017663243995
t4,4,11.204825674672316
