skill,skill_id,valuation
t0,0,2.913264638381904
t1,1,3.953197737233689
t2,2,1.2590867267856747
t3,3,1.150884582384084
t4,4,3.148384352562593
