cost,skills,user_id,user_name
1.5114711584981437,['t1'],0,w00
3.822896084163015,['t0'],1,w01
1.5452675321438867,['t1'],2,w02
1.3187202602552186,['t0'],3,w03
2.7513679534499222,['t1'],4,w04
4.662844741327328,['t0'],5,w05
4.520710553476721,['t1'],6,w06
5.315423604001666,['t0'],7,w07
10.831740669532689,['t1'],8,w08
10.269477128959924,['t0'],9,w09
