cost,skills,user_id,user_name
1.5114711584981437,['t0'],0,w00
3.822896084163015,['t1'],1,w01
1.5452675321438867,['t0'],2,w02
1.3187202602552186,['t1'],3,w03
2.7513679534499222,['t0'],4,w04
4.662844741327328,['t1'],5,w05
4.520710553476721,['t0'],6,w06
5.315423604001666,['t1'],7,w07
10.831740669532689,['t0'],8,w08
10.269477128959924,['t1'],9,w09
