skill,skill_id,valuation
t0,0,5.805911293604813
t1,1,3.8828312397864715
t2,2,13.19312549545519
t3,3,2.623147187558785
t4,4,18.647844301587
