skill,skill_id,valuation
t00,0,1.2239188895284716
t01,1,14.836161914490983
t02,2,8.573516309153344
t03,3,11.058184619496274
t04,4,18.983453271109614
t05,5,15.128177596605898
t06,6,5.840875124763715
t07,7,18.8218640558634
t08,8,15.957642401172658
t09,9,12.748081306501735
