skill,skill_id,valuation
t0,0,18.73082975170857
t1,1,16.229443950576826
t2,2,9.85293271173305
t3,3,11.770752050400516
t4,4,1.240311494308172
