skill,skill_id,valuation
t00,0,13.473699116793677
t01,1,4.566894522792815
t02,2,12.83251181705959
t03,3,7.756359577225
t04,4,1.0105606750848635
t05,5,18.262242577078258
t06,6,12.633727895685562
t07,7,11.50956784251459
t08,8,16.573466626404702
t09,9,19.304194292705304
