cost,skills,user_id,user_name
6.568169545969781,"['t01', 't06', 't07']",0,w00
10.184663903869296,['t00'],1,w01
3.3446194011005277,"['t01', 't07', 't02']",2,w02
3.848491805899595,"['t00', 't04']",3,w03
6.077275034547568,['t01'],4,w04
10.012781816604424,"['t00', 't02', 't03']",5,w05
10.873646446924816,['t01'],6,w06
15.698243980622806,"['t00', 't05']",7,w07
14.290333600679546,"['t01', 't06']",8,w08
2.6037066779514744,"['t00', 't03', 't07']",9,w09
