skill,skill_id,valuation
t00,0,12.311400967854636
t01,1,6.2569475061323665
t02,2,14.04874375152011
t03,3,2.4558046769582096
t04,4,13.544184241376543
t05,5,6.741089740923666
t06,6,5.839403853131928
t07,7,15.274683547872671
t08,8,18.786991219394604
t09,9,17.29118822400445
