skill,skill_id,valuation
t0,0,11.928551554239538
t1,1,14.117208439668897
t2,2,6.400480580400211
t3,3,5.818126183012624
t4,4,13.531166222177086
