cost,skills,user_id,user_name
10.548384753604505,['t0'],0,w00
12.955900108501496,['t0'],1,w01
6.406445429607552,['t0'],2,w02
16.574647730162802,['t0'],3,w03
13.288743901615385,['t0'],4,w04
3.3918821509370947,['t0'],5,w05
5.428135608704159,['t0'],6,w06
1.7867188285767703,['t0'],7,w07
6.723125580473084,['t0'],8,w08
23.848479715656307,['t0'],9,w09
