cost,skills,user_id,user_name
6.826596948911729,"['t01', 't07', 't04']",0,w0
3.4671615414965684,"['t00', 't04', 't03']",1,w1
11.21432595282497,"['t01', 't05']",2,w2
22.807406664433344,"['t00', 't03', 't02']",3,w3
33.068163321046825,"['t01', 't02', 't06']",4,w4
