skill,skill_id,valuation
t00,0,5.207964150669681
t01,1,9.985673706031506
t02,2,18.161883112732422
t03,3,6.324842401544494
t04,4,1.3888925775553371
t05,5,15.372522330371506
t06,6,5.349490036828466
t07,7,15.350957246376879
t08,8,16.78280257737762
t09,9,5.69250504391369
