skill,skill_id,valuation
t0,0,1.9024986460583717
t1,1,3.101531224069635
t2,2,1.162412886455492
t3,3,2.2818295588675004
t4,4,1.8017618380163252
