cost,skills,user_id,user_name
5.7566402831574734,['t0'],0,w00
3.5163833390957113,['t1'],1,w01
1.6234681910444904,['t0'],2,w02
3.1029443777256094,['t1'],3,w03
1.6989588372053988,"['t0', 't4']",4,w04
15.282569073184469,"['t1', 't4']",5,w05
4.6605608113673,"['t0', 't4']",6,w06
5.1391837477295645,"['t1', 't4']",7,w07
10.58566842545965,['t0'],8,w08
20.763002306548163,"['t1', 't4']",9,w09
