skill,skill_id,valuation
t0,0,10.24891573477187
t1,1,9.98799726218229
t2,2,6.686117355202918
t3,3,3.944907345729617
t4,4,5.0063740064714395
