skill,skill_id,valuation
t0,0,9.979038867745386
t1,1,13.451108490114533
t2,2,3.1359486267610186
t3,3,13.409793045530284
t4,4,3.2892001425728874
