cost,skills,user_id,user_name
12.855100351324213,"['t0', 't3']",0,w00
4.6922165594561225,"['t0', 't3']",1,w01
7.354230935239533,"['t0', 't3']",2,w02
7.252044998077593,"['t0', 't3']",3,w03
5.308587886135541,"['t0', 't3']",4,w04
13.462892052848314,"['t0', 't3']",5,w05
15.459130031094526,"['t0', 't3']",6,w06
8.655730057751455,"['t0', 't0', 't3']",7,w07
18.37359125180489,"['t0', 't0', 't3', 't2']",8,w08
24.85952093982192,"['t0', 't0', 't2']",9,w09
