cost,skills,user_id,user_name
5.518590585366024,['t0'],0,w00
4.174709981836959,['t0'],1,w01
1.158083209844015,"['t0', 't3']",2,w02
5.906854805416383,"['t0', 't3']",3,w03
3.851361829093002,"['t0', 't3']",4,w04
12.745487156084332,"['t0', 't3']",5,w05
6.275631038413708,"['t0', 't3']",6,w06
6.9821366579133555,['t0'],7,w07
21.021474788802877,"['t0', 't3']",8,w08
20.960702065060538,['t0'],9,w09
