skill,skill_id,valuation
t00,0,14.611891649447706
t01,1,6.8709753786775964
t02,2,17.108091127174976
t03,3,8.00804742356615
t04,4,9.760377928779516
t05,5,2.7229998154691826
t06,6,17.928405859534728
t07,7,11.534531626631665
t08,8,17.477280372474425
t09,9,9.083423037982108
