cost,skills,user_id,user_name
12.400875701341022,['t0'],0,w00
22.917881051514346,['t0'],1,w01
4.87113842332632,['t0'],2,w02
20.909212658362485,['t0'],3,w03
18.839075881923108,['t0'],4,w04
17.170843192872656,['t0'],5,w05
14.148202591094925,['t0'],6,w06
2.2239773633340327,['t0'],7,w07
20.83768147475388,['t0'],8,w08
12.214602908034458,['t0'],9,w09
