skill,skill_id,valuation
t0,0,5.8033359954295625
t1,1,5.779995550809364
t2,2,16.852205481348044
t3,3,8.02940088903789
t4,4,6.135904975371447
