skill,skill_id,valuation
t0,0,2.01122863061675
t1,1,2.0063148528019714
t2,2,4.3373064171259035
t3,3,2.4798738713763977
t4,4,2.0812431527097783
