cost,skills,user_id,user_name
3.8518746430956963,['t0'],0,w00
2.375396421587503,['t1'],1,w01
3.2533130334337947,['t0'],2,w02
3.4058542041812827,['t1'],3,w03
2.8761170094179755,['t0'],4,w04
6.137264403925792,['t1'],5,w05
6.3017102598503065,['t0'],6,w06
7.138200458583146,['t1'],7,w07
10.725394253351679,['t0'],8,w08
11.947694481010256,['t1'],9,w09
