cost,skills,user_id,user_name
5.147273123495084,"['t0', 't3']",0,w00
6.7378421844012655,"['t0', 't3']",1,w01
3.2378853682513213,"['t0', 't3']",2,w02
4.221851159829565,"['t0', 't3']",3,w03
6.006174690621357,"['t0', 't3']",4,w04
12.888627202880476,"['t0', 't3']",5,w05
12.812382051618702,"['t0', 't3']",6,w06
7.619685037217344,"['t0', 't3']",7,w07
17.270179875757602,"['t0', 't3']",8,w08
20.15040612432658,['t0'],9,w09
