skill,skill_id,valuation
t0,0,3.9835764317632463
t1,1,2.2225130023618904
t2,2,11.254899176293172
t3,3,5.796572580090176
t4,4,10.342130024109803
