skill,skill_id,valuation
t0,0,19.496510387822333
t1,1,9.448833065868556
t2,2,9.960570535860537
t3,3,5.904813695933923
t4,4,2.757046197875844
