skill,skill_id,valuation
t00,0,10.44071075701073
t01,1,14.008262679695337
t02,2,3.7426060948069226
t03,3,18.51947519250664
t04,4,7.546097738456258
t05,5,7.1571952411155975
t06,6,6.655546338383519
t07,7,9.271128004192956
t08,8,2.652743961032563
t09,9,3.106026935666036
