cost,skills,user_id,user_name
5.110222766219747,"['t00', 't01', 't07']",0,w00
7.449757633747405,"['t00', 't07']",1,w01
5.236631522057054,"['t01', 't07']",2,w02
5.779817897902171,"['t00', 't01', 't07']",3,w03
3.7771593588670638,"['t00', 't01', 't07']",4,w04
12.673310249059186,"['t00', 't01', 't07']",5,w05
16.31278100766962,"['t00', 't07']",6,w06
15.516994974643264,"['t01', 't00', 't07']",7,w07
26.596340850594267,"['t01', 't00', 't07']",8,w08
26.665381433731316,"['t01', 't00', 't07']",9,w09
