cost,skills,user_id,user_name
5.110222766219747,"['t01', 't06', 't07']",0,w00
7.449757633747405,"['t00', 't02']",1,w01
5.236631522057054,"['t01', 't04']",2,w02
3.853211931934781,"['t00', 't07', 't03']",3,w03
5.665739038300596,"['t01', 't03', 't05']",4,w04
12.673310249059186,"['t00', 't05', 't06']",5,w05
16.31278100766962,"['t01', 't07']",6,w06
15.516994974643264,"['t00', 't06', 't02']",7,w07
26.596340850594267,"['t01', 't02', 't04']",8,w08
26.665381433731316,"['t00', 't04', 't03']",9,w09
