skill,skill_id,valuation
t00,0,9.838249767927344
t01,1,4.711308756212983
t02,2,6.7063921900044585
t03,3,8.2979128741495
t04,4,8.74974150214862
t05,5,7.84900572808475
t06,6,3.7773989127266088
t07,7,6.627118506307045
t08,8,5.946825969411036
t09,9,5.675872751344587
