cost,skills,user_id,user_name
2.594877249499639,['t00'],0,w0
2.3278178843653254,"['t01', 't06']",1,w1
5.240214275892517,['t02'],2,w2
12.729478196934096,['t00'],3,w3
22.269002657625457,"['t01', 't06', 't05']",4,w4
