cost,skills,user_id,user_name
13.655903767542682,"['t0', 't3']",0,w00
15.775631778821285,['t0'],1,w01
6.235051568066335,"['t0', 't3']",2,w02
14.051964468489846,['t0'],3,w03
8.925726923826467,"['t0', 't3']",4,w04
2.792130601053252,"['t0', 't3']",5,w05
19.584975480973085,['t0'],6,w06
21.810485340305895,"['t0', 't3']",7,w07
17.541341200934177,"['t0', 't3']",8,w08
18.4645102861881,"['t0', 't3']",9,w09
