skill,skill_id,valuation
t00,0,2.594819252920784
t01,1,17.61387776073195
t02,2,15.586549099856516
t03,3,18.522106446817663
t04,4,17.211425294305336
t05,5,14.177456383313364
t06,6,17.089311187864617
t07,7,19.200051249114406
t08,8,9.295624024721201
t09,9,19.55188958996725
