cost,skills,user_id,user_name
22.08989595801006,"['t00', 't04']",0,w0
1.8318815780219753,"['t01', 't00', 't04']",1,w1
11.643493260226993,"['t01', 't00', 't04']",2,w2
14.783961188270064,"['t01', 't04']",3,w3
8.508789110769843,['t00'],4,w4
