cost,skills,user_id,user_name
3.8921190463269655,"['t01', 't07']",0,w0
4.39135260236427,"['t00', 't04']",1,w1
15.32818343253826,"['t01', 't03']",2,w2
15.521395516761466,"['t00', 't05', 't02']",3,w3
29.1255070062792,"['t01', 't06']",4,w4
