cost,skills,user_id,user_name
4.297726428212269,['t1'],0,w00
2.132081508683731,['t0'],1,w01
12.26515493939695,['t1'],2,w02
5.139157757348468,['t0'],3,w03
9.39867982387689,['t1'],4,w04
24.54341870678767,['t0'],5,w05
20.872129723461242,['t1'],6,w06
9.714885636811054,['t0'],7,w07
5.262850503927248,['t1'],8,w08
4.577235234423704,['t0'],9,w09
