cost,skills,user_id,user_name
20.079387206728825,['t00'],0,w00
12.65010868655467,"['t01', 't06', 't05']",1,w01
19.81158334702333,"['t02', 't05']",2,w02
14.985109523766194,"['t00', 't05', 't07']",3,w03
1.285876500918623,['t01'],4,w04
10.228630156355088,"['t02', 't07']",5,w05
9.714407662288174,"['t00', 't07', 't03']",6,w06
19.51650987247195,"['t01', 't03']",7,w07
15.383863298419026,['t02'],8,w08
3.7693488091992657,['t00'],9,w09
