skill,skill_id,valuation
t00,0,6.1477936976597976
t01,1,12.500594363675177
t02,2,8.574226795760506
t03,3,10.426864351336565
t04,4,12.7880643494423
t05,5,10.423829869885198
t06,6,15.893145208197176
t07,7,5.239528878518643
t08,8,1.6050579377566305
t09,9,13.32999080247553
