cost,skills,user_id,user_name
2.8349406372782475,['t01'],0,w00
4.919915070567423,"['t00', 't06']",1,w01
6.743288245903767,"['t01', 't07']",2,w02
2.639987873391553,"['t00', 't02', 't04']",3,w03
4.68180931494974,"['t01', 't03']",4,w04
15.787312387535037,"['t00', 't05']",5,w05
15.077998547939366,"['t01', 't06']",6,w06
22.537721980906184,"['t00', 't04', 't07', 't02']",7,w07
17.523666114174294,"['t01', 't02', 't04']",8,w08
11.023430473925254,['t00'],9,w09
