cost,skills,user_id,user_name
3.764724077836357,"['t02', 't09', 't04']",0,w00
3.7814349851682807,"['t00', 't04']",1,w01
2.525467180804581,"['t01', 't04']",2,w02
2.109397556076755,"['t02', 't04', 't03']",3,w03
4.40924469656513,"['t00', 't03']",4,w04
10.0368646367758,"['t01', 't03']",5,w05
20.59206658598827,"['t02', 't03', 't06']",6,w06
15.838513168151701,['t00'],7,w07
18.407600797669133,"['t01', 't06']",8,w08
26.072300021245375,"['t02', 't06', 't08']",9,w09
