cost,skills,user_id,user_name
1.6080328846768457,['t0'],0,w00
2.984704868901307,['t0'],1,w01
3.5985814274165975,['t0'],2,w02
3.7088749651158945,['t0'],3,w03
3.5691956350167118,['t0'],4,w04
6.446215119589168,['t0'],5,w05
6.805693357950552,['t0'],6,w06
5.403723006427015,['t0'],7,w07
10.191704056006788,['t0'],8,w08
8.729596073429539,['t0'],9,w09
