skill,skill_id,valuation
t00,0,9.928243864084184
t01,1,2.82367964658072
t02,2,7.383898520782026
t03,3,3.951429398654837
t04,4,5.7908588350547685
t05,5,6.9925778108945575
t06,6,9.286462954567975
t07,7,1.7378660252852454
t08,8,2.968545340593677
t09,9,6.591377399711064
