skill,skill_id,valuation
t0,0,6.1477936976597976
t1,1,12.500594363675177
t2,2,8.574226795760506
t3,3,10.426864351336565
t4,4,12.7880643494423
