cost,skills,user_id,user_name
2.8349406372782475,['t0'],0,w00
9.839830141134845,"['t0', 't3']",1,w01
3.3716441229518836,"['t0', 't3']",2,w02
2.639987873391553,"['t0', 't3']",3,w03
4.68180931494974,"['t0', 't3']",4,w04
15.787312387535037,"['t0', 't3']",5,w05
15.077998547939366,"['t0', 't3']",6,w06
15.025147987270792,"['t0', 't0', 't3', 't2']",7,w07
17.523666114174294,"['t0', 't0', 't2']",8,w08
11.023430473925254,['t0'],9,w09
