skill,skill_id,valuation
t00,0,9.762686692113503
t01,1,5.264117458231639
t02,2,1.5736706168636374
t03,3,3.429500890260649
t04,4,5.275328388002883
t05,5,9.21920539431788
t06,6,2.4516769087473698
t07,7,8.46595474688593
t08,8,7.6896534557211655
t09,9,7.0640661973272465
