cost,skills,user_id,user_name
10.527037520988667,"['t00', 't06', 't05']",0,w0
7.149814425249125,"['t01', 't05', 't07']",1,w1
18.52932396024866,"['t02', 't07']",2,w2
9.97865866892014,"['t00', 't07']",3,w3
31.620247098922288,"['t01', 't07', 't03']",4,w4
