cost,skills,user_id,user_name
5.44993062813314,['t00'],0,w0
3.6801296715552683,"['t01', 't00', 't03']",1,w1
6.6386349684176365,"['t01', 't03']",2,w2
15.969354341021797,"['t00', 't01', 't03']",3,w3
28.962323789785565,['t00'],4,w4
