skill,skill_id,valuation
t00,0,6.211797533637351
t01,1,2.991854044218935
t02,2,3.5629362361097994
t03,3,1.6135279232737587
t04,4,2.5116397719898105
t05,5,7.054379714301062
t06,6,1.5041906047151326
t07,7,2.780860357974463
t08,8,4.327928709660689
t09,9,4.767099625438114
