cost,skills,user_id,user_name
5.984639607940733,"['t00', 't06']",0,w0
5.987738999018371,"['t01', 't06', 't05']",1,w1
14.193043427214235,"['t02', 't05']",2,w2
21.401920836543383,"['t00', 't05', 't07']",3,w3
29.31998893469832,"['t01', 't07', 't03']",4,w4
