skill,skill_id,valuation
t00,0,13.929289138382686
t01,1,2.519795293514985
t02,2,15.3191954239775
t03,3,13.246603693849131
t04,4,14.087434849390212
t05,5,10.114467831448398
t06,6,8.288494999368194
t07,7,6.243449705121722
t08,8,16.911507633442053
t09,9,13.121104433811741
