cost,skills,user_id,user_name
7.650865512767435,"['t00', 't06']",0,w00
10.700205925182846,"['t01', 't06', 't05']",1,w01
5.586382309759185,"['t02', 't05']",2,w02
14.803733052683537,"['t00', 't05']",3,w03
19.53706064757799,"['t01', 't05', 't07']",4,w04
6.241272286114311,['t02'],5,w05
15.654546596553658,"['t00', 't07']",6,w06
9.196434343731774,"['t01', 't07']",7,w07
13.10871915422047,['t02'],8,w08
6.6399443921721,['t00'],9,w09
