skill,skill_id,valuation
t00,0,12.947372590560056
t01,1,5.615628466599331
t02,2,12.558964569495727
t03,3,17.35168681819114
t04,4,15.688473638400152
t05,5,1.6424641659285617
t06,6,11.794419472859367
t07,7,4.753611699462299
t08,8,7.0325568192198915
t09,9,12.887726956256992
