skill,skill_id,valuation
t00,0,18.515569645979276
t01,1,9.06565807831808
t02,2,9.523424102706587
t03,3,15.579959787629923
t04,4,16.209652523138757
t05,5,6.765329931866013
t06,6,2.449610755345163
t07,7,11.542142107741824
t08,8,10.29384987010455
t09,9,11.268681510994629
