skill,skill_id,valuation
t0,0,5.286868568777265
t1,1,10.982273314330765
t2,2,1.7714612106635865
t3,3,7.0886904046206265
t4,4,4.808368730577545
