cost,skills,user_id,user_name
1.9460595231634827,['t0'],0,w00
4.39135260236427,"['t0', 't3']",1,w01
7.496137574403694,"['t0', 't3']",2,w02
7.641046637571098,"['t0', 't3']",3,w03
9.125507006279202,"['t0', 't3']",4,w04
20.300137504271845,"['t0', 't3']",5,w05
8.183625794042479,"['t0', 't0', 't3']",6,w06
11.207850775668728,"['t0', 't3']",7,w07
17.003896108467217,"['t0', 't0', 't3']",8,w08
32.129707901064016,"['t0', 't0', 't3', 't2']",9,w09
