cost,skills,user_id,user_name
5.7566402831574734,['t1'],0,w00
3.5163833390957113,['t0'],1,w01
1.6234681910444904,['t1'],2,w02
3.1029443777256094,['t0'],3,w03
1.6989588372053988,"['t1', 't2']",4,w04
7.641284536592234,"['t0', 't2']",5,w05
4.6605608113673,"['t1', 't2']",6,w06
10.278367495459129,"['t0', 't2']",7,w07
10.58566842545965,['t1'],8,w08
20.763002306548163,"['t0', 't2']",9,w09
