skill,skill_id,valuation
t00,0,3.0095610101019155
t01,1,6.409275871465779
t02,2,6.009031197320927
t03,3,8.050360442348712
t04,4,5.930303093654033
t05,5,7.574850931682834
t06,6,7.913037906722273
t07,7,7.759233623427561
t08,8,6.27868761844825
t09,9,3.159406714311343
