cost,skills,user_id,user_name
2.7147193097837787,"['t00', 't06']",0,w0
2.5075472656937516,"['t01', 't06']",1,w1
12.094581702184568,"['t02', 't06', 't05']",2,w2
14.880004701194203,['t00'],3,w3
25.231642206083517,"['t01', 't05']",4,w4
