cost,skills,user_id,user_name
3.194977422574395,['t0'],0,w00
4.058282753415502,"['t0', 't3']",1,w01
3.927144154781475,"['t0', 't3']",2,w02
5.064527699765302,['t0'],3,w03
3.1936305850724582,"['t0', 't3']",4,w04
14.789078802639697,"['t0', 't3']",5,w05
11.66739461033757,"['t0', 't3']",6,w06
14.700363753174603,"['t0', 't3']",7,w07
8.46067542548546,"['t0', 't3']",8,w08
23.066991305399416,"['t0', 't3']",9,w09
