cost,skills,user_id,user_name
14.223632858216167,['t02'],0,w00
5.162303524683909,"['t00', 't09', 't04']",1,w01
4.456146328616046,['t01'],2,w02
23.235337199994813,"['t02', 't04']",3,w03
12.825361066946554,"['t00', 't04', 't03']",4,w04
20.6884137381731,"['t01', 't03']",5,w05
16.867120089314113,"['t02', 't03', 't06']",6,w06
11.333100614629954,"['t00', 't06', 't08']",7,w07
3.516675053869678,"['t01', 't08']",8,w08
2.8391911586134597,"['t02', 't08', 't07']",9,w09
