skill,skill_id,valuation
t0,0,17.997662301849253
t1,1,16.154184642312455
t2,2,13.601780190754248
t3,3,17.896138337309146
t4,4,9.195870862917936
