skill,skill_id,valuation
t0,0,12.433016689009774
t1,1,11.392990719830696
t2,2,13.914979532028706
t3,3,19.52179339754504
t4,4,10.776375604104103
