cost,skills,user_id,user_name
19.628109081268885,['t0'],0,w00
11.999960010506069,['t1'],1,w01
6.591839900627832,['t0'],2,w02
2.238049277617746,['t1'],3,w03
9.785803674728525,['t0'],4,w04
8.888681747028073,['t1'],5,w05
7.449952037155897,['t0'],6,w06
23.87487721903917,['t1'],7,w07
9.570999304848158,['t0'],8,w08
24.271659911906934,['t1'],9,w09
