cost,skills,user_id,user_name
7.202292343897801,['t00'],0,w00
11.411014961870123,"['t01', 't06', 't05']",1,w01
2.5930736672371655,"['t02', 't05']",2,w02
19.219504819672473,['t00'],3,w03
24.6941678222809,"['t01', 't05', 't07']",4,w04
12.878069573414383,"['t02', 't07', 't03']",5,w05
6.96847566293989,"['t00', 't03', 't09']",6,w06
1.1355840587968595,"['t01', 't09']",7,w07
3.897242689033738,['t02'],8,w08
12.515185142112752,"['t00', 't09', 't08']",9,w09
