skill,skill_id,valuation
t0,0,3.462377436043282
t1,1,3.4595138785873325
t2,2,1.8570193895286233
t3,3,1.4418360110786241
t4,4,3.1553775214360664
