cost,skills,user_id,user_name
3.3308416157617993,['t0'],0,w00
3.1462750003918294,['t1'],1,w01
7.914039527954068,['t0'],2,w02
2.412042719894209,['t1'],3,w03
4.999105443705056,"['t0', 't4']",4,w04
12.752007273629076,"['t1', 't4']",5,w05
7.303461086175061,"['t0', 't4']",6,w06
4.205575993416357,['t1'],7,w07
8.430361889221944,"['t0', 't4']",8,w08
22.51184439082735,['t1'],9,w09
