skill,skill_id,valuation
t00,0,2.850480678428
t01,1,1.0045538104437934
t02,2,5.18457304232502
t03,3,8.82140236320832
t04,4,4.8553842529008495
t05,5,2.0323532907272184
t06,6,8.732189028394995
t07,7,6.895537281209313
t08,8,4.652468268635662
t09,9,8.11195031066897
