skill,skill_id,valuation
t00,0,4.2935309842008165
t01,1,13.432956272426155
t02,2,15.356962444252922
t03,3,13.764777306179884
t04,4,12.318656741832896
t05,5,4.736198765899633
t06,6,2.966915455349139
t07,7,3.021408568456156
t08,8,10.027667489195709
t09,9,11.34097852714805
