cost,skills,user_id,user_name
5.198947584364756,['t0'],0,w00
2.1661370726120177,['t0'],1,w01
5.764955043959081,['t0'],2,w02
2.521602898047597,['t0'],3,w03
1.361306125695394,"['t0', 't2']",4,w04
12.273258957175582,"['t0', 't3']",5,w05
4.942604668002694,"['t0', 't1']",6,w06
8.279584946696719,"['t0', 't2']",7,w07
11.451362730981112,"['t0', 't3']",8,w08
9.737415064522931,['t0'],9,w09
