skill,skill_id,valuation
t00,0,2.8596097517679344
t01,1,2.4993271521288425
t02,2,3.5858293267509525
t03,3,4.967057741714239
t04,4,1.7034739755702923
t05,5,6.566717281910474
t06,6,5.647958137220806
t07,7,9.446975237826624
t08,8,9.820988546103226
t09,9,7.710739035851267
