skill,skill_id,valuation
t00,0,4.925842809287862
t01,1,4.165246210049778
t02,2,6.458973023140899
t03,3,9.374899676952284
t04,4,2.48511172620395
t05,5,12.751958706255445
t06,6,10.812356067466146
t07,7,18.83250327985621
t08,8,19.622086930662366
t09,9,15.167115742352674
