cost,skills,user_id,user_name
3.8216096499070664,['t00'],0,w00
9.621255525131199,"['t01', 't06', 't05']",1,w01
6.474752822459848,"['t02', 't05']",2,w02
2.249547052148092,"['t00', 't05']",3,w03
1.1096977353741675,"['t01', 't05', 't07']",4,w04
19.922636673979763,['t02'],5,w05
22.420682803343105,"['t00', 't07', 't03']",6,w06
13.277110184494543,"['t01', 't03', 't09']",7,w07
11.27528673086423,"['t02', 't09', 't08']",8,w08
27.142746129322376,"['t00', 't08', 't04']",9,w09
