cost,skills,user_id,user_name
3.8216096499070664,['t02'],0,w00
3.2070851750437326,"['t00', 't09', 't04']",1,w01
6.474752822459848,"['t01', 't04']",2,w02
3.3743205782221373,"['t02', 't04']",3,w03
2.219395470748335,"['t00', 't04', 't03']",4,w04
19.922636673979763,['t01'],5,w05
22.420682803343105,"['t02', 't03', 't06']",6,w06
13.277110184494543,"['t00', 't06', 't08']",7,w07
11.27528673086423,"['t01', 't08', 't07']",8,w08
27.142746129322376,"['t02', 't07', 't05']",9,w09
