skill,skill_id,valuation
t0,0,2.8903239721569234
t1,1,3.621285997918849
t2,2,1.4496733951075829
t3,3,3.612588009585323
t4,4,1.4819368721206079
