cost,skills,user_id,user_name
2.5492764191858424,['t0'],0,w00
3.216300990518161,['t1'],1,w01
7.726706774665977,['t0'],2,w02
2.683988015597386,['t1'],3,w03
3.786780153440163,['t0'],4,w04
4.978400633210045,"['t1', 't4']",5,w05
5.852230047050735,['t0'],6,w06
7.874982645673347,"['t1', 't4']",7,w07
8.991071704700833,"['t0', 't4']",8,w08
20.526613806114547,"['t1', 't4']",9,w09
