skill,skill_id,valuation
t00,0,2.4890929434877345
t01,1,11.60877495692635
t02,2,5.757687669902306
t03,3,7.141406958440027
t04,4,3.2299798646354185
t05,5,5.919129813923373
t06,6,10.544262091536472
t07,7,16.935096341665727
t08,8,6.173260906912506
t09,9,16.09652868329846
