cost,skills,user_id,user_name
2.2554521760610564,"['t02', 't09', 't04']",0,w0
11.033994557138955,"['t00', 't04']",1,w1
12.655182916508604,"['t01', 't04', 't03']",2,w2
14.539893038843395,"['t02', 't03']",3,w3
29.48937331842756,"['t00', 't03']",4,w4
