cost,skills,user_id,user_name
23.696643014398006,"['t01', 't07', 't04']",0,w0
12.379862612838261,"['t00', 't04', 't03']",1,w1
23.407363728162007,['t01'],2,w2
14.031653432564756,"['t00', 't03', 't05']",3,w3
15.819106476009534,"['t01', 't02']",4,w4
