cost,skills,user_id,user_name
2.6499990639259248,"['t02', 't09', 't04']",0,w0
7.176468400033009,"['t00', 't04', 't03']",1,w1
12.162773667739847,"['t01', 't03', 't06']",2,w2
15.86977894239676,"['t02', 't06', 't08']",3,w3
28.873018618737753,"['t00', 't08']",4,w4
