cost,skills,user_id,user_name
13.402184489736795,"['t02', 't09']",0,w0
16.20750513835698,"['t00', 't09']",1,w1
9.573942496403141,"['t01', 't09', 't04']",2,w2
6.8417266599557225,"['t02', 't04']",3,w3
20.806816264679444,"['t00', 't04', 't03']",4,w4
