cost,skills,user_id,user_name
8.73955788479352,['t01'],0,w0
10.746037237475505,"['t00', 't07']",1,w1
22.70439221964203,['t01'],2,w2
5.403906535880764,['t00'],3,w3
5.32155484218898,"['t01', 't04', 't03']",4,w4
