skill,skill_id,valuation
t0,0,1.6281213540554202
t1,1,1.2573711583919769
t2,2,3.15892614237751
t3,3,2.009804753703195
t4,4,2.9667642156020637
