cost,skills,user_id,user_name
2.086559177002305,['t1'],0,w00
7.1574153420872175,['t0'],1,w01
2.6283387357883607,['t1'],2,w02
3.816649249867833,['t0'],3,w03
1.815312906792497,"['t1', 't2']",4,w04
7.05926195059033,"['t0', 't2']",5,w05
12.718337430616991,['t1'],6,w06
10.70473453678759,"['t0', 't2']",7,w07
17.91910633734025,['t1'],8,w08
10.800973259846089,"['t0', 't2']",9,w09
