cost,skills,user_id,user_name
2.086559177002305,['t0'],0,w00
7.1574153420872175,['t1'],1,w01
2.6283387357883607,['t0'],2,w02
3.816649249867833,['t1'],3,w03
1.815312906792497,"['t0', 't4']",4,w04
14.11852390118066,"['t1', 't4']",5,w05
6.3591687153084955,['t0'],6,w06
10.70473453678759,"['t1', 't4']",7,w07
17.91910633734025,['t0'],8,w08
10.800973259846089,"['t1', 't4']",9,w09
