cost,skills,user_id,user_name
4.792466133861593,['t00'],0,w0
4.058282753415502,"['t01', 't00', 't04']",1,w1
15.85428830956295,"['t01', 't04']",2,w2
6.043018466510201,['t00'],3,w3
10.924840780096611,"['t01', 't00', 't04']",4,w4
