cost,skills,user_id,user_name
19.628109081268885,['t1'],0,w00
11.999960010506069,['t0'],1,w01
6.591839900627832,['t1'],2,w02
2.238049277617746,['t0'],3,w03
9.785803674728525,['t1'],4,w04
8.888681747028073,['t0'],5,w05
7.449952037155897,['t1'],6,w06
23.87487721903917,['t0'],7,w07
9.570999304848158,['t1'],8,w08
24.271659911906934,['t0'],9,w09
