skill,skill_id,valuation
t00,0,12.61952181804855
t01,1,14.327043450265121
t02,2,7.667684280528322
t03,3,11.410594266032247
t04,4,4.4655813487903115
t05,5,18.674335402624354
t06,6,2.2578312092830544
t07,7,9.939348586236648
t08,8,17.275009077470603
t09,9,12.063615670373823
