skill,skill_id,valuation
t00,0,11.447407114181793
t01,1,8.504956940294477
t02,2,18.68137400931317
t03,3,12.153024446558009
t04,4,18.8521732774011
t05,5,9.163438056516398
t06,6,13.876602913752311
t07,7,10.289774337298189
t08,8,2.692347606626882
t09,9,4.03814503282854
