cost,skills,user_id,user_name
10.897530885824693,"['t02', 't09', 't04']",0,w0
2.334834885532927,"['t00', 't04']",1,w1
12.566367065298525,['t01'],2,w2
22.299229271336582,"['t02', 't04']",3,w3
8.055521581606527,"['t00', 't04', 't03']",4,w4
