cost,skills,user_id,user_name
9.541223493911348,"['t00', 't01', 't03']",0,w0
8.76199930047154,"['t00', 't03']",1,w1
15.835319521458082,"['t01', 't00', 't03']",2,w2
13.569378353262515,"['t01', 't03']",3,w3
21.12006275236553,"['t00', 't01', 't03']",4,w4
