skill,skill_id,valuation
t00,0,2.886278157493404
t01,1,4.301118077620684
t02,2,2.438114059346556
t03,3,2.6575427249987005
t04,4,9.872804773676409
t05,5,9.48285137876636
t06,6,9.25494073227557
t07,7,9.424132937564869
t08,8,5.604564506323368
t09,9,4.586186603641666
