skill,skill_id,valuation
t00,0,4.9821427769305195
t01,1,7.969027052754777
t02,2,4.036018569731618
t03,3,4.499256863886145
t04,4,19.731476744427976
t05,5,18.908241799617873
t06,6,18.427097101470647
t07,7,18.784280645970277
t08,8,10.720747291127111
t09,9,8.57083838546574
