cost,skills,user_id,user_name
7.266811376102311,"['t02', 't09', 't04']",0,w00
6.948453576400643,"['t00', 't04', 't03']",1,w01
2.331524333675788,"['t01', 't03']",2,w02
4.68057269166353,"['t02', 't03']",3,w03
7.802477321460432,"['t00', 't03', 't06']",4,w04
23.510089657483846,"['t01', 't06']",5,w05
11.475550006283644,"['t02', 't06']",6,w06
22.752348987033216,"['t00', 't06', 't08']",7,w07
33.967294193192856,"['t01', 't08', 't07']",8,w08
17.583698284473446,"['t02', 't07']",9,w09
