cost,skills,user_id,user_name
7.266811376102311,"['t00', 't06', 't05']",0,w00
10.422680364600966,"['t01', 't05', 't07']",1,w01
2.331524333675788,"['t02', 't07']",2,w02
4.68057269166353,"['t00', 't07']",3,w03
5.201651547640288,"['t01', 't07', 't03']",4,w04
15.67339310498923,"['t02', 't03']",5,w05
17.213325009425468,"['t00', 't03']",6,w06
22.752348987033216,"['t01', 't03', 't09']",7,w07
33.967294193192856,"['t02', 't09', 't08']",8,w08
17.583698284473446,"['t00', 't08']",9,w09
