cost,skills,user_id,user_name
7.340107030119949,"['t00', 't07']",0,w00
2.6317012654486214,['t01'],1,w01
4.309639637602941,"['t00', 't07']",2,w02
2.303437043543857,"['t01', 't07']",3,w03
6.490588861594655,"['t00', 't01', 't07']",4,w04
16.62843403541916,"['t00', 't07']",5,w05
15.297333406291997,"['t01', 't07']",6,w06
7.196403567493451,['t00'],7,w07
35.732389419959944,"['t01', 't00', 't07']",8,w08
23.199201807903762,"['t01', 't07']",9,w09
