cost,skills,user_id,user_name
3.6700535150599745,"['t01', 't06']",0,w00
5.263402530897243,['t00'],1,w01
4.309639637602941,"['t01', 't07']",2,w02
2.303437043543857,"['t00', 't02']",3,w03
6.490588861594655,"['t01', 't04', 't03']",4,w04
5.542811345139722,"['t00', 't05']",5,w05
22.946000109437996,"['t01', 't06']",6,w06
14.392807134986901,['t00'],7,w07
35.732389419959944,"['t01', 't03', 't07']",8,w08
23.199201807903762,"['t00', 't02']",9,w09
