skill,skill_id,valuation
t00,0,14.628363294681735
t01,1,11.65555928291221
t02,2,5.888201262501432
t03,3,12.357146010211306
t04,4,13.19680756313704
t05,5,12.095653117986467
t06,6,15.345619666937305
t07,7,18.85661373957271
t08,8,18.76878817354093
t09,9,17.497977455898447
