skill,skill_id,valuation
t0,0,9.308791652234547
t1,1,14.47579037728638
t2,2,1.2351490295495717
t3,3,1.629502487853932
t4,4,15.585376387367985
