cost,skills,user_id,user_name
24.08405372149678,['t1'],0,w00
6.460449581866043,['t0'],1,w01
20.90477024593399,['t1'],2,w02
15.777160179204657,['t0'],3,w03
5.436329161731721,['t1'],4,w04
11.329526817135925,['t0'],5,w05
13.977566973058002,['t1'],6,w06
21.02130346574844,['t0'],7,w07
7.682902589789775,['t1'],8,w08
22.40903763476672,['t0'],9,w09
