skill,skill_id,valuation
t00,0,10.228994732759062
t01,1,3.5709064374536585
t02,2,2.5873128704290407
t03,3,14.752077710180679
t04,4,17.837184266815747
t05,5,5.39755340719747
t06,6,10.926053442911966
t07,7,1.4838443449317804
t08,8,2.3451659074036204
t09,9,17.346437083250088
