skill,skill_id,valuation
t00,0,1.3083887057589643
t01,1,19.06815024099163
t02,2,1.532192769644075
t03,3,3.099440043416433
t04,4,6.6369736445251695
t05,5,8.9551270827148
t06,6,2.914315635822072
t07,7,14.140280735843753
t08,8,10.52905650221155
t09,9,11.342311407776121
