skill,skill_id,valuation
t00,0,1.1460788606226673
t01,1,9.558597482574983
t02,2,1.2520913119366672
t03,3,1.994471599513047
t04,4,3.670145410564554
t05,5,4.768218091812273
t06,6,1.9067810906525606
t07,7,7.224343506452304
t08,8,5.513763606310734
t09,9,5.898989614209741
