cost,skills,user_id,user_name
8.07308094481813,"['t02', 't09', 't04']",0,w00
6.392451544086873,"['t00', 't04', 't03']",1,w01
10.91181293098723,"['t01', 't03', 't06']",2,w02
6.95576061507491,"['t02', 't06']",3,w03
3.1782832699762835,"['t00', 't06']",4,w04
13.252950742100012,"['t01', 't06']",5,w05
21.21105738221432,"['t02', 't06', 't08']",6,w06
14.515442930781889,"['t00', 't08']",7,w07
31.96543957633827,"['t01', 't08', 't07']",8,w08
17.683091930693145,"['t02', 't07']",9,w09
