cost,skills,user_id,user_name
8.07308094481813,"['t00', 't06', 't05']",0,w00
6.392451544086873,"['t01', 't05', 't07']",1,w01
7.274541953991487,"['t02', 't07', 't03']",2,w02
10.433640922612366,"['t00', 't03']",3,w03
3.1782832699762835,"['t01', 't03']",4,w04
8.83530049473334,"['t02', 't03']",5,w05
21.21105738221432,"['t00', 't03', 't09']",6,w06
21.773164396172835,"['t01', 't09']",7,w07
31.96543957633827,"['t02', 't09', 't08']",8,w08
17.683091930693145,"['t00', 't08']",9,w09
