skill,skill_id,valuation
t0,0,6.50245236051729
t1,1,2.2201679446442943
t2,2,1.471045148083655
t3,3,9.49442072522016
t4,4,18.51226656565986
