skill,skill_id,valuation
t0,0,2.8938750786967655
t1,1,3.535625696580763
t2,2,4.972488703902677
t3,3,2.0506171641406095
t4,4,4.5924068159444165
