skill,skill_id,valuation
t0,0,9.995906623809637
t1,1,13.044222058758624
t2,2,19.869321343537713
t3,3,5.9904315296678945
t4,4,18.063932375735977
