cost,skills,user_id,user_name
1.8763122536956232,['t1'],0,w00
3.439156817721959,['t0'],1,w01
1.7628712066476404,['t1'],2,w02
1.405264776917552,['t0'],3,w03
3.1931855816328953,['t1'],4,w04
7.429718069641446,['t0'],5,w05
7.27592708126551,['t1'],6,w06
7.374135314080621,['t0'],7,w07
10.709467516440819,['t1'],8,w08
8.468274123982317,['t0'],9,w09
