cost,skills,user_id,user_name
1.8763122536956232,['t0'],0,w00
3.439156817721959,['t1'],1,w01
1.7628712066476404,['t0'],2,w02
1.405264776917552,['t1'],3,w03
3.1931855816328953,['t0'],4,w04
7.429718069641446,['t1'],5,w05
7.27592708126551,['t0'],6,w06
7.374135314080621,['t1'],7,w07
10.709467516440819,['t0'],8,w08
8.468274123982317,['t1'],9,w09
