skill,skill_id,valuation
t00,0,10.76305165061391
t01,1,13.077787764492378
t02,2,2.4198798876401013
t03,3,14.26949669241992
t04,4,4.441298555663746
t05,5,16.691995613353797
t06,6,2.721265834999493
t07,7,11.93813142760039
t08,8,19.55446094651485
t09,9,7.715555042146793
