cost,skills,user_id,user_name
4.2887055197038935,"['t01', 't06', 't07']",0,w00
8.644727873276857,"['t00', 't02']",1,w01
18.32195357038249,"['t01', 't04']",2,w02
22.301618860829034,['t00'],3,w03
10.591081048615816,"['t01', 't07', 't03']",4,w04
12.224503349873308,['t00'],5,w05
20.69863662090823,"['t01', 't03', 't05']",6,w06
13.758024315584045,"['t00', 't06']",7,w07
7.117909666706976,"['t01', 't05', 't07']",8,w08
1.7428085527475456,"['t00', 't07', 't02']",9,w09
