cost,skills,user_id,user_name
20.622622927190623,['t02'],0,w00
9.982540880366084,['t00'],1,w01
9.555055341300715,"['t01', 't09']",2,w02
5.3783397225598515,"['t02', 't09', 't04']",3,w03
20.295166318994188,"['t00', 't04']",4,w04
12.82510094854532,['t01'],5,w05
12.7157723019015,"['t02', 't04']",6,w06
9.497162843521199,['t00'],7,w07
24.296798390960852,['t01'],8,w08
19.331945285363496,"['t02', 't04', 't03']",9,w09
