skill,skill_id,valuation
t00,0,8.646284913115569
t01,1,5.682344062964035
t02,2,5.772653126964454
t03,3,3.5933935185281403
t04,4,9.373559404132758
t05,5,5.776834808201395
t06,6,9.333407920574064
t07,7,8.278402248093402
t08,8,4.580644282601689
t09,9,5.483462540688061
