skill,skill_id,valuation
t00,0,17.142157038799535
t01,1,10.88494857736852
t02,2,11.075601045813848
t03,3,6.474941872448296
t04,4,18.677514297613598
t05,5,11.084429039536278
t06,6,18.592750054545245
t07,7,16.36551585708607
t08,8,8.5591379299369
t09,9,10.465087585897017
