cost,skills,user_id,user_name
6.32055125357989,"['t00', 't06']",0,w0
7.3545725715875285,"['t01', 't06']",1,w1
15.390568564915446,"['t02', 't06', 't05']",2,w2
20.9310226296301,"['t00', 't05', 't07']",3,w3
23.95859126421164,"['t01', 't07']",4,w4
