skill,skill_id,valuation
t00,0,13.974368625514746
t01,1,18.715433823849498
t02,2,2.557358887159704
t03,3,6.63727922303661
t04,4,2.3609081547180373
t05,5,10.24891573477187
t06,6,9.98799726218229
t07,7,6.686117355202918
t08,8,3.944907345729617
t09,9,5.0063740064714395
