cost,skills,user_id,user_name
7.053338975624593,"['t01', 't06']",0,w00
3.6876175729946836,"['t00', 't07', 't02']",1,w01
4.885154025114149,"['t01', 't04']",2,w02
5.889818210861416,"['t00', 't02', 't03']",3,w03
1.2910701983348902,"['t01', 't03', 't05']",4,w04
17.351300324672955,"['t00', 't06']",5,w05
21.90282192864227,"['t01', 't05', 't07']",6,w06
11.20209234782164,"['t00', 't07', 't02']",7,w07
35.06956572719422,"['t01', 't02', 't04']",8,w08
16.91705735092611,['t00'],9,w09
