skill,skill_id,valuation
t00,0,8.95840991250167
t01,1,7.029844153728099
t02,2,13.884210955296497
t03,3,14.262674578489314
t04,4,7.090984379006541
t05,5,13.545418691864189
t06,6,2.0665625645370223
t07,7,6.76286295555118
t08,8,6.944213230053837
t09,9,2.4901921887846843
