skill,skill_id,valuation
t0,0,4.167758385954676
t1,1,6.552513460294339
t2,2,15.755625190536874
t3,3,8.331232001736907
t4,4,4.048542645879663
