cost,skills,user_id,user_name
2.6765823385014142,"['t0', 't3']",0,w00
7.789590786016202,"['t0', 't3']",1,w01
3.0799292673494305,"['t0', 't3']",2,w02
3.7028358119802216,"['t0', 't3']",3,w03
6.007297533711215,"['t0', 't3']",4,w04
14.32217304299905,['t0'],5,w05
14.427504771856698,"['t0', 't3']",6,w06
14.79495250216971,"['t0', 't3']",7,w07
21.656843769785297,"['t0', 't3']",8,w08
16.79372457878101,"['t0', 't3']",9,w09
