skill,skill_id,valuation
t00,0,7.248950750813632
t01,1,3.708384676304613
t02,2,6.734434131068947
t03,3,9.581755579974779
t04,4,7.807336952025082
t05,5,3.162325172636809
t06,6,6.933972670682733
t07,7,2.903722170987577
t08,8,2.3830189950759717
t09,9,6.8170063732658
