skill,skill_id,valuation
t00,0,14.19222936282878
t01,1,6.717700983309738
t02,2,13.106027610034445
t03,3,19.117039557724535
t04,4,15.371044676497396
t05,5,5.564908697788819
t06,6,13.52727563810799
t07,7,5.018969027640441
t08,8,3.919706767382607
t09,9,13.280346788005577
