skill,skill_id,valuation
t00,0,9.75962823168093
t01,1,6.127379231811043
t02,2,1.5920709106642668
t03,3,4.607855378681662
t04,4,1.390162580223265
t05,5,7.905422828376129
t06,6,9.83803604081119
t07,7,1.8941343851582508
t08,8,1.443070527254354
t09,9,1.2508259414425125
