cost,skills,user_id,user_name
5.346513021709123,"['t00', 't06']",0,w0
5.875069476851783,"['t01', 't06', 't05']",1,w1
11.82084971349736,"['t02', 't05', 't07']",2,w2
14.079416560765093,"['t00', 't07']",3,w3
24.005368832164432,"['t01', 't07']",4,w4
