cost,skills,user_id,user_name
3.194977422574395,['t01'],0,w00
6.087424130123253,"['t00', 't06', 't07']",1,w01
5.8907162321722115,"['t01', 't02']",2,w02
7.596791549647953,['t00'],3,w03
3.1936305850724582,"['t01', 't07', 't04']",4,w04
22.183618203959547,"['t00', 't04', 't03']",5,w05
11.66739461033757,"['t01', 't05']",6,w06
22.050545629761906,"['t00', 't03', 't06']",7,w07
8.46067542548546,"['t01', 't06', 't07']",8,w08
34.600486958099125,"['t00', 't07', 't02']",9,w09
