skill,skill_id,valuation
t0,0,17.705842332053994
t1,1,14.603894406023057
t2,2,19.31696030371471
t3,3,19.214266960228088
t4,4,18.521873141659707
