skill,skill_id,valuation
t0,0,4.517019438327156
t1,1,3.8639777696890647
t2,2,4.8562021692030966
t3,3,4.8345825179427555
t4,4,4.688815398244149
