cost,skills,user_id,user_name
1.6183709151714458,['t0'],0,w00
2.6224053231513045,['t1'],1,w01
2.0176191051953234,['t0'],2,w02
1.3310049587691979,['t1'],3,w03
2.654783988816765,['t0'],4,w04
4.599144837898585,['t1'],5,w05
7.245381687727312,['t0'],6,w06
7.740132371455921,['t1'],7,w07
8.498104168747517,['t0'],8,w08
10.122939200304518,['t1'],9,w09
