cost,skills,user_id,user_name
1.6183709151714458,['t1'],0,w00
2.6224053231513045,['t0'],1,w01
2.0176191051953234,['t1'],2,w02
1.3310049587691979,['t0'],3,w03
2.654783988816765,['t1'],4,w04
4.599144837898585,['t0'],5,w05
7.245381687727312,['t1'],6,w06
7.740132371455921,['t0'],7,w07
8.498104168747517,['t1'],8,w08
10.122939200304518,['t0'],9,w09
