skill,skill_id,valuation
t00,0,13.405206254469267
t01,1,10.02934005727213
t02,2,19.390502729213196
t03,3,11.388498904158821
t04,4,10.807946771066712
t05,5,12.551092787755643
t06,6,10.922116693041234
t07,7,16.69627761514144
t08,8,13.140804663186715
t09,9,8.621510545389057
