cost,skills,user_id,user_name
6.633890467399115,['t00'],0,w0
8.2220041269536,"['t01', 't06']",1,w1
4.17028946075383,['t02'],2,w2
6.51656413040965,"['t00', 't06', 't05']",3,w3
17.784794716424415,"['t01', 't05', 't07']",4,w4
