skill,skill_id,valuation
t00,0,6.717307403996879
t01,1,12.060508239690206
t02,2,6.598497710380844
t03,3,19.294004228584367
t04,4,5.350527348624135
t05,5,8.900000631774056
t06,6,10.522295250020289
t07,7,18.194271920754016
t08,8,9.887253217044012
t09,9,2.7190707992638967
