cost,skills,user_id,user_name
5.505550976159346,"['t00', 't07']",0,w00
15.946330716285797,['t01'],1,w01
9.53434893965263,"['t00', 't01', 't07']",2,w02
1.0133398001071958,['t00'],3,w03
22.80493799209885,"['t01', 't07']",4,w04
15.695235236655446,"['t00', 't07']",5,w05
14.275243590544745,"['t01', 't07']",6,w06
20.671747317563835,['t00'],7,w07
24.12108752762775,"['t01', 't00', 't07']",8,w08
1.3333440426467815,['t01'],9,w09
