skill,skill_id,valuation
t00,0,19.168919419342124
t01,1,9.998168030268063
t02,2,9.592013005708756
t03,3,6.499390129753905
t04,4,12.083164554831841
t05,5,4.041011942031191
t06,6,5.300761922472713
t07,7,7.063655631594565
t08,8,12.592682282666647
t09,9,17.857287030743247
