cost,skills,user_id,user_name
1.9460595231634827,['t0'],0,w00
2.195676301182135,['t0'],1,w01
3.748068787201847,['t0'],2,w02
7.641046637571098,['t0'],3,w03
4.562753503139601,"['t0', 't2']",4,w04
13.533425002847896,"['t0', 't3']",5,w05
4.0918128970212395,"['t0', 't1']",6,w06
11.207850775668728,['t0'],7,w07
8.501948054233608,"['t0', 't2']",8,w08
21.419805267376013,"['t0', 't3']",9,w09
