skill,skill_id,valuation
t0,0,2.1842258051063723
t1,1,3.1656834417754727
t2,2,3.118573492988448
t3,3,2.256750236564521
t4,4,1.0819013753852307
