skill,skill_id,valuation
t0,0,6.6250725742552685
t1,1,11.286996348433496
t2,2,11.063224091695128
t3,3,6.969563623681475
t4,4,1.3890315330798457
