cost,skills,user_id,user_name
3.1242059462784937,['t0'],0,w00
5.93863340028043,['t1'],1,w01
2.5419382059795828,['t0'],2,w02
2.4461202023614192,['t1'],3,w03
7.132292104425814,"['t0', 't4']",4,w04
12.778938133832806,"['t1', 't4']",5,w05
14.173702564854644,"['t0', 't4']",6,w06
7.672621532058601,"['t1', 't4']",7,w07
8.242168718397036,['t0'],8,w08
11.782197063973452,"['t1', 't4']",9,w09
