skill,skill_id,valuation
t00,0,2.8311083195334117
t01,1,6.840597842575549
t02,2,2.9825920719710086
t03,3,8.224331852745813
t04,4,7.115634706571413
t05,5,2.978167896975935
t06,6,7.501041975084988
t07,7,4.425197843309561
t08,8,9.953589917710202
t09,9,3.462832178147167
