skill,skill_id,valuation
t00,0,16.818954268400162
t01,1,19.78859676439919
t02,2,18.712073455162145
t03,3,16.072934473053134
t04,4,19.403865777709875
t05,5,15.2933085935281
t06,6,12.373712235555855
t07,7,6.550152554088941
t08,8,12.669612389449846
t09,9,17.497253023279132
