cost,skills,user_id,user_name
6.993814400788534,"['t00', 't01', 't04']",0,w0
10.100361557158045,"['t00', 't04']",1,w1
23.262814745048583,"['t01', 't00', 't04']",2,w2
13.927156559687091,"['t01', 't00', 't04']",3,w3
31.78624769294455,"['t01', 't00', 't04']",4,w4
