cost,skills,user_id,user_name
7.0361131611947565,"['t01', 't07', 't04']",0,w0
11.524473428106786,"['t00', 't04', 't03']",1,w1
11.795786616060681,"['t01', 't05']",2,w2
14.145863821192547,"['t00', 't02']",3,w3
22.327218279996146,"['t01', 't06']",4,w4
