skill,skill_id,valuation
t00,0,15.396361661511659
t01,1,7.930069175986292
t02,2,3.068036427157658
t03,3,9.509599480220059
t04,4,13.115115368190386
t05,5,4.368240889257327
t06,6,19.091912472189872
t07,7,17.713737537078337
t08,8,12.73153903062459
t09,9,17.951744104829878
