skill,skill_id,valuation
t00,0,7.819329208084469
t01,1,4.282664346519823
t02,2,1.979596202337838
t03,3,5.030862911683186
t04,4,6.738738858616499
t05,5,2.5954825264903127
t06,6,9.569853276300465
t07,7,8.917033570195002
t08,8,6.5570448039800695
t09,9,9.029773523340468
