skill,skill_id,valuation
t0,0,4.1691585897169094
t1,1,4.941364660191802
t2,2,3.6948079196873693
t3,3,4.035101628594136
t4,4,1.0481354093146371
