skill,skill_id,valuation
t0,0,16.053503301155317
t1,1,19.72148213591106
t2,2,13.800337618515004
t3,3,15.416732735822144
t4,4,1.2286431942445262
