cost,skills,user_id,user_name
3.8411629051028404,['t0'],0,w00
1.9920248280211528,['t1'],1,w01
2.206838347451413,['t0'],2,w02
2.6073005122187745,['t1'],3,w03
1.0591453512371114,['t0'],4,w04
4.261937808591798,['t1'],5,w05
6.268058355496431,['t0'],6,w06
4.386915611339052,['t1'],7,w07
10.995918874003982,['t0'],8,w08
10.084848402214504,['t1'],9,w09
