skill,skill_id,valuation
t00,0,12.002683682123296
t01,1,5.2050252044621965
t02,2,6.410643165120687
t03,3,2.295225615800157
t04,4,4.191239518645155
t05,5,13.781468285746685
t06,6,2.064402387731947
t07,7,4.759594089057201
t08,8,8.025627275950344
t09,9,8.952765875924907
