cost,skills,user_id,user_name
4.252410955917371,['t00'],0,w0
2.4599575352837113,"['t01', 't03']",1,w1
9.828858830602512,"['t00', 't03']",2,w2
12.373300995710807,"['t01', 't00', 't03']",3,w3
19.575745753266318,"['t01', 't03']",4,w4
