skill,skill_id,valuation
t00,0,3.4026511104526924
t01,1,1.5315373642372754
t02,2,10.430010012361713
t03,3,16.71540878807876
t04,4,16.587311507684085
t05,5,7.387967213434489
t06,6,16.058025276622296
t07,7,2.7911610942754965
t08,8,7.56577680202643
t09,9,8.47263158605429
