cost,skills,user_id,user_name
2.8349406372782475,['t00'],0,w00
4.919915070567423,"['t01', 't07']",1,w01
3.3716441229518836,"['t00', 't07']",2,w02
10.559951493566212,"['t01', 't00', 't07']",3,w03
2.34090465747487,"['t01', 't07']",4,w04
23.680968581302555,"['t00', 't07']",5,w05
10.051999031959578,"['t01', 't07']",6,w06
22.537721980906184,"['t00', 't01', 't07', 't03']",7,w07
17.523666114174294,"['t00', 't01', 't03']",8,w08
11.023430473925254,['t00'],9,w09
