skill,skill_id,valuation
t00,0,11.39815895950221
t01,1,17.96761284211598
t02,2,14.261674276605154
t03,3,17.26374000900956
t04,4,7.643141577010389
t05,5,11.09553988864429
t06,6,10.762932201395362
t07,7,2.971682958356553
t08,8,12.126675996796772
t09,9,18.667959648869502
