skill,skill_id,valuation
t00,0,15.978822647030187
t01,1,5.327727715309308
t02,2,19.84275395867238
t03,3,4.027965342307365
t04,4,12.16325968109385
t05,5,13.41862951803058
t06,6,1.773788704917059
t07,7,14.983719555413343
t08,8,4.885918891095686
t09,9,18.962666972604875
