skill,skill_id,valuation
t00,0,8.095231780172195
t01,1,3.0499762861991457
t02,2,9.925515033055337
t03,3,2.4342993726719095
t04,4,6.287859848939192
t05,5,6.882508719067117
t06,6,1.3665314918028173
t07,7,7.623867157827373
t08,8,2.8406984220979563
t09,9,9.508631723865468
