cost,skills,user_id,user_name
10.449848818072136,"['t00', 't06', 't05']",0,w0
8.235732659921851,"['t01', 't05', 't07']",1,w1
21.426148555596704,"['t02', 't07']",2,w2
13.251479323208379,"['t00', 't07', 't03']",3,w3
29.540384720637654,"['t01', 't03', 't09']",4,w4
