skill,skill_id,valuation
t00,0,4.993124365107986
t01,1,4.146870570061626
t02,2,13.978560053214096
t03,3,2.1213984836182895
t04,4,11.027572325068643
t05,5,16.931565553817762
t06,6,10.361302962117309
t07,7,18.860757391583164
t08,8,19.83272553803473
t09,9,10.373484305144924
