cost,skills,user_id,user_name
3.6332870854220936,['t01'],0,w00
3.6801296715552683,"['t00', 't06', 't07']",1,w01
2.978976226313227,"['t01', 't02']",2,w02
7.977015755766347,"['t00', 't07', 't04']",3,w03
4.481161894892781,['t01'],4,w04
20.605562898351412,"['t00', 't03']",5,w05
16.097304866583148,"['t01', 't04', 't05']",6,w06
21.795029128335905,['t00'],7,w07
10.47494665125682,"['t01', 't06']",8,w08
17.240610434312387,"['t00', 't07']",9,w09
