cost,skills,user_id,user_name
1.8166435427110468,['t00'],0,w0
11.040389014665804,"['t01', 't00', 't04']",1,w1
13.277269936835273,"['t01', 't04']",2,w2
7.984677170510898,"['t00', 't01', 't04']",3,w3
28.962323789785565,['t00'],4,w4
