skill,skill_id,valuation
t00,0,19.49486692039571
t01,1,5.873497700903997
t02,2,17.68472646976813
t03,3,4.618707021163949
t04,4,15.361294751144957
t05,5,6.1477936976597976
t06,6,12.500594363675177
t07,7,8.574226795760506
t08,8,10.426864351336565
t09,9,12.7880643494423
