cost,skills,user_id,user_name
4.252410955917371,['t01'],0,w0
2.4599575352837113,"['t00', 't07']",1,w1
9.828858830602512,"['t01', 't04']",2,w2
12.373300995710807,"['t00', 't03', 't05']",3,w3
19.575745753266318,"['t01', 't02']",4,w4
