cost,skills,user_id,user_name
3.647205524125337,['t1'],0,w00
5.72695130605412,['t0'],1,w01
2.5732396348548288,['t1'],2,w02
3.174073362505605,['t0'],3,w03
1.4810689582247454,['t1'],4,w04
7.168435768101077,['t0'],5,w05
5.7937512402651645,"['t1', 't2']",6,w06
12.331628008428272,['t0'],7,w07
10.124590840054426,['t1'],8,w08
9.357356738249454,"['t0', 't2']",9,w09
