cost,skills,user_id,user_name
7.66533414932962,"['t0', 't3']",0,w00
7.449757633747405,"['t0', 't3']",1,w01
5.236631522057054,"['t0', 't3']",2,w02
3.853211931934781,"['t0', 't3']",3,w03
3.7771593588670638,"['t0', 't3']",4,w04
8.448873499372791,"['t0', 't3']",5,w05
10.875187338446416,"['t0', 't0', 't3']",6,w06
10.344663316428843,"['t0', 't0', 't3']",7,w07
17.730893900396175,"['t0', 't3']",8,w08
17.776920955820877,"['t0', 't3']",9,w09
