cost,skills,user_id,user_name
9.547420263318134,"['t00', 't01', 't07']",0,w00
7.502550936581561,"['t00', 't07']",1,w01
6.665018423239291,"['t01', 't00', 't07']",2,w02
2.6921717400853376,"['t01', 't00', 't07']",3,w03
10.924566837099956,"['t01', 't00', 't07']",4,w04
7.539515206066845,"['t01', 't07']",5,w05
12.78693239404576,"['t00', 't01', 't07', 't05']",6,w06
16.026957048475932,['t00'],7,w07
27.206663219692405,['t01'],8,w08
20.100378889331424,"['t00', 't05']",9,w09
