skill,skill_id,valuation
t0,0,1.5709775462617812
t1,1,3.8517992747805465
t2,2,2.792746092480304
t3,3,3.6789716871368023
t4,4,1.2982135619571396
