skill,skill_id,valuation
t0,0,3.7121433447434606
t1,1,14.546046555207596
t2,2,9.515543939281445
t3,3,13.72511551389981
t4,4,2.416514419296413
