cost,skills,user_id,user_name
7.013982412956854,['t0'],0,w00
1.4552449698209975,['t1'],1,w01
5.074393071643278,['t0'],2,w02
4.2418508572768125,['t1'],3,w03
3.526764879548528,['t0'],4,w04
15.44409550601815,"['t1', 't4']",5,w05
4.2620646123000725,"['t0', 't4']",6,w06
5.944098363006932,"['t1', 't4']",7,w07
10.70655107001707,"['t0', 't4']",8,w08
23.91776120133363,"['t1', 't4']",9,w09
