skill,skill_id,valuation
t00,0,9.671851720220781
t01,1,5.216031323572784
t02,2,15.099860346869583
t03,3,11.299803173409035
t04,4,11.734542223824652
t05,5,15.891370305564125
t06,6,6.194957769285909
t07,7,9.07824355354219
t08,8,11.768891900634962
t09,9,11.495746197573368
