cost,skills,user_id,user_name
18.42554206020994,"['t02', 't09', 't04']",0,w0
22.805745930325983,"['t00', 't04']",1,w1
10.832637672309941,['t01'],2,w2
21.436105927688207,"['t02', 't04']",3,w3
18.702046394493077,"['t00', 't04']",4,w4
