skill,skill_id,valuation
t00,0,13.054234309116486
t01,1,6.01367722993382
t02,2,16.08016506341002
t03,3,3.716374667530773
t04,4,9.873110329918928
t05,5,16.54689432116293
t06,6,13.192750761874814
t07,7,19.001921336446316
t08,8,2.8283010613194666
t09,9,18.202598516313095
