cost,skills,user_id,user_name
23.93943194891937,"['t00', 't06']",0,w0
24.90826551166489,"['t01', 't06', 't05']",1,w1
17.955482821774336,['t02'],2,w2
21.491096909262403,"['t00', 't05', 't07']",3,w3
11.078541302528073,"['t01', 't07', 't03']",4,w4
