cost,skills,user_id,user_name
2.6645649088911214,['t0'],0,w00
1.2136512171255138,['t0'],1,w01
3.7332656469609162,['t0'],2,w02
1.9692337435356475,['t0'],3,w03
2.6853435185077634,['t0'],4,w04
4.274619717805131,['t0'],5,w05
4.985120422060971,['t0'],6,w06
5.772789606194223,['t0'],7,w07
8.76278678154246,['t0'],8,w08
10.245032189689905,['t0'],9,w09
