cost,skills,user_id,user_name
18.42554206020994,"['t00', 't06', 't05']",0,w0
22.805745930325983,"['t01', 't05']",1,w1
10.832637672309941,['t02'],2,w2
21.436105927688207,"['t00', 't05']",3,w3
18.702046394493077,"['t01', 't05']",4,w4
