skill,skill_id,valuation
t00,0,11.343845524081672
t01,1,14.858241257380191
t02,2,16.860304532815256
t03,3,8.804242554142714
t04,4,8.585544978276523
t05,5,4.197522173911143
t06,6,14.536550990444898
t07,7,19.298582068765594
t08,8,1.446258869689952
t09,9,12.183087406500352
