skill,skill_id,valuation
t00,0,7.052076233010845
t01,1,14.71321324321947
t02,2,17.86378159815632
t03,3,8.592939163487522
t04,4,9.886065151983034
t05,5,16.59475399155235
t06,6,11.1001025831707
t07,7,5.84334515280969
t08,8,1.5880567709251403
t09,9,18.771865769427816
