cost,skills,user_id,user_name
5.131074487237436,"['t00', 't01', 't04']",0,w0
17.689403268621064,"['t00', 't04']",1,w1
10.81079754595645,"['t01', 't04']",2,w2
19.254191612653994,['t00'],3,w3
4.2887055197038935,"['t01', 't00', 't04']",4,w4
