cost,skills,user_id,user_name
6.427550175662106,['t0'],0,w00
2.3461082797280612,['t0'],1,w01
3.6771154676197666,['t0'],2,w02
7.252044998077593,['t0'],3,w03
3.539058590757028,"['t0', 't2']",4,w04
6.731446026424157,"['t0', 't3']",5,w05
7.729565015547263,['t0'],6,w06
4.327865028875728,"['t0', 't1']",7,w07
18.37359125180489,"['t0', 't2']",8,w08
16.57301395988128,"['t0', 't3']",9,w09
