cost,skills,user_id,user_name
22.08989595801006,"['t01', 't07']",0,w0
1.8318815780219753,"['t00', 't04', 't03']",1,w1
11.643493260226993,"['t01', 't03', 't05']",2,w2
14.783961188270064,"['t00', 't02']",3,w3
8.508789110769843,['t01'],4,w4
