skill,skill_id,valuation
t0,0,8.923208050752805
t1,1,9.387822949790747
t2,2,1.2656395657032653
t3,3,5.354462718868421
t4,4,10.178419262107642
