cost,skills,user_id,user_name
14.19153591842943,"['t0', 't3']",0,w00
13.468994003585564,"['t0', 't3']",1,w01
1.911930289309021,"['t0', 't3']",2,w02
18.880617554563653,['t0'],3,w03
7.358861513070819,"['t0', 't3']",4,w04
22.735614379519838,"['t0', 't3']",5,w05
22.01795504493155,['t0'],6,w06
9.830463520580164,"['t0', 't3']",7,w07
10.732313506524633,"['t0', 't3']",8,w08
2.6026803129200564,"['t0', 't3']",9,w09
