skill,skill_id,valuation
t0,0,13.000082857440844
t1,1,7.115243300917289
t2,2,15.357425462877497
t3,3,12.148864965845826
t4,4,3.7076039079302747
