cost,skills,user_id,user_name
17.933239907097065,['t0'],0,w00
15.535065129771988,['t1'],1,w01
20.388302314408623,['t0'],2,w02
21.33679995317444,['t1'],3,w03
22.648268462140926,['t0'],4,w04
9.611986090811197,['t1'],5,w05
15.617444814248568,['t0'],6,w06
13.441904693927379,['t1'],7,w07
12.018553914148907,['t0'],8,w08
6.039197404167538,['t1'],9,w09
