skill,skill_id,valuation
t0,0,15.777586417925454
t1,1,4.8102837306584805
t2,2,13.967167007470874
t3,3,5.01504802229462
t4,4,7.034331077020105
