skill,skill_id,valuation
t00,0,18.517105333163528
t01,1,18.755225326670438
t02,2,6.579426022908612
t03,3,4.132698683084454
t04,4,13.207489429974302
t05,5,12.201406019721338
t06,6,11.781318994119546
t07,7,6.7819216740888235
t08,8,7.9149338438757555
t09,9,6.551475926517703
