skill,skill_id,valuation
t00,0,10.03034488827354
t01,1,4.71820447811441
t02,2,16.560945042397137
t03,3,6.48909242825119
t04,4,16.404694491097402
t05,5,10.653471728397781
t06,6,13.8288822046954
t07,7,11.360112518273864
t08,8,15.590092895429384
t09,9,15.496859117192326
