skill,skill_id,valuation
t0,0,12.335749076361838
t1,1,15.185381968428477
t2,2,1.5960260987568362
t3,3,13.160375786876523
t4,4,3.1938454692188296
