cost,skills,user_id,user_name
6.360815662607565,['t0'],0,w00
2.9206664334905135,['t0'],1,w01
3.938244820546781,['t0'],2,w02
2.7846891766312574,['t0'],3,w03
5.840047064274149,"['t0', 't2']",4,w04
8.715284335462467,"['t0', 't2']",5,w05
13.228729576580507,['t0'],6,w06
5.681228600935857,"['t0', 't2']",7,w07
11.712952468864216,"['t0', 't2']",8,w08
10.863617058088792,"['t0', 't2']",9,w09
