cost,skills,user_id,user_name
3.1804078313037825,['t0'],0,w00
5.841332866981027,['t0'],1,w01
7.876489641093562,['t0'],2,w02
1.3923445883156287,['t0'],3,w03
5.840047064274149,"['t0', 't2']",4,w04
4.357642167731234,"['t0', 't3']",5,w05
13.228729576580507,['t0'],6,w06
11.362457201871713,"['t0', 't1']",7,w07
11.712952468864216,"['t0', 't2']",8,w08
10.863617058088792,"['t0', 't3']",9,w09
