skill,skill_id,valuation
t00,0,17.268257406140048
t01,1,3.1517780540822367
t02,2,2.479293130421215
t03,3,3.3676622681198363
t04,4,17.875701071338046
t05,5,10.53271660320513
t06,6,6.236703080730453
t07,7,12.588915592870329
t08,8,7.494880368950614
t09,9,11.593553596408519
