skill,skill_id,valuation
t00,0,7.512105973147217
t01,1,4.033600915565337
t02,2,2.16552244822549
t03,3,9.689980027555414
t04,4,9.224761958446178
t05,5,9.228917864362945
t06,6,6.5266364542712
t07,7,2.0395457361913873
t08,8,7.342657453713406
t09,9,2.172062989277096
