skill,skill_id,valuation
t00,0,14.747779276644124
t01,1,7.404268599526823
t02,2,3.460547390698257
t03,3,19.345513391505875
t04,4,18.363386356719708
t05,5,18.372159935877328
t06,6,12.667343625683646
t07,7,3.1945965541818184
t08,8,14.390054624506082
t09,9,3.4743551995849815
