cost,skills,user_id,user_name
6.471245294052498,"['t02', 't09', 't04']",0,w00
3.6924426975531888,"['t00', 't04', 't03']",1,w01
4.486462117179256,"['t01', 't03']",2,w02
10.920551899451725,"['t02', 't03', 't06']",3,w03
5.762043938392159,"['t00', 't06']",4,w04
15.312101769978822,"['t01', 't06']",5,w05
14.001140902934242,"['t02', 't06']",6,w06
12.147348222694426,"['t00', 't06', 't08']",7,w07
32.74687362012312,"['t01', 't08']",8,w08
16.871541863180482,"['t02', 't08']",9,w09
