cost,skills,user_id,user_name
6.471245294052498,"['t00', 't06', 't05']",0,w00
3.6924426975531888,"['t01', 't05', 't07']",1,w01
6.729693175768883,"['t02', 't07']",2,w02
7.280367932967817,"['t00', 't07', 't03']",3,w03
5.762043938392159,"['t01', 't03']",4,w04
10.208067846652547,"['t02', 't03']",5,w05
14.001140902934242,"['t00', 't03']",6,w06
18.221022334041635,"['t01', 't03', 't09']",7,w07
32.74687362012312,"['t02', 't09']",8,w08
16.871541863180482,"['t00', 't09']",9,w09
