cost,skills,user_id,user_name
7.9842132098498,['t0'],0,w00
23.77503825630376,['t1'],1,w01
10.803606486833026,['t0'],2,w02
14.729532992847595,['t1'],3,w03
8.568046519080504,['t0'],4,w04
7.21007135017085,['t1'],5,w05
5.1639836586029935,['t0'],6,w06
24.415617890567017,['t1'],7,w07
16.477071108511815,['t0'],8,w08
19.39529792256755,['t1'],9,w09
