skill,skill_id,valuation
t00,0,2.6988002967233573
t01,1,13.418232744378704
t02,2,8.98583585444532
t03,3,18.63652422710503
t04,4,14.602181025921759
t05,5,12.335749076361838
t06,6,15.185381968428477
t07,7,1.5960260987568362
t08,8,13.160375786876523
t09,9,3.1938454692188296
