cost,skills,user_id,user_name
9.541223493911348,"['t00', 't01', 't04']",0,w0
8.76199930047154,"['t00', 't04']",1,w1
23.752979282187123,"['t01', 't00', 't04']",2,w2
9.046252235508344,"['t01', 't04']",3,w3
21.12006275236553,"['t00', 't01', 't04']",4,w4
