cost,skills,user_id,user_name
2.3453710537315855,['t0'],0,w00
3.841491142702262,['t0'],1,w01
2.423419981022755,['t0'],2,w02
3.304698932947205,['t0'],3,w03
3.3727068549985537,['t0'],4,w04
7.7364046231532715,['t0'],5,w05
5.016230932011311,['t0'],6,w06
7.183683370969261,['t0'],7,w07
10.298465360307226,['t0'],8,w08
8.55590798794285,['t0'],9,w09
