skill,skill_id,valuation
t00,0,9.298321301090882
t01,1,16.75957571355375
t02,2,14.815518845356246
t03,3,6.658246225478086
t04,4,2.753984719496988
t05,5,18.9426300380314
t06,6,2.0792070537329965
t07,7,10.802952103929517
t08,8,9.847505075858074
t09,9,17.29537505081763
