skill,skill_id,valuation
t00,0,4.930783774200943
t01,1,8.465062180104407
t02,2,7.544193137274011
t03,3,3.6802218962790936
t04,4,1.8308348671301522
t05,5,9.499140544330663
t06,6,1.5112033412419459
t07,7,5.64350362817714
t08,8,5.190923456985404
t09,9,8.718861866176773
