cost,skills,user_id,user_name
3.7144702100019074,"['t00', 't06']",0,w0
6.3481656996640705,"['t01', 't06', 't05']",1,w1
18.010865628855747,"['t02', 't05', 't07']",2,w2
17.628821404406526,"['t00', 't07', 't03']",3,w3
29.49789913726264,"['t01', 't03', 't09']",4,w4
