skill,skill_id,valuation
t00,0,1.7053598153362954
t01,1,6.025209190123008
t02,2,3.2536415278484605
t03,3,3.9090875066294863
t04,4,2.0563062516694086
t05,5,3.3301141223847557
t06,6,5.520966253885698
t07,7,8.548203530262711
t08,8,3.450492008537503
t09,9,8.150987271036112
