cost,skills,user_id,user_name
3.383178264091584,"['t00', 't06', 't05']",0,w0
7.35599637142597,"['t01', 't05']",1,w1
12.655182916508604,"['t02', 't05', 't07']",2,w2
14.539893038843395,"['t00', 't07']",3,w3
29.48937331842756,"['t01', 't07']",4,w4
