skill,skill_id,valuation
t00,0,1.124507397566271
t01,1,2.9873475768384328
t02,2,4.096992258097492
t03,3,3.7254192651220337
t04,4,1.8792292765969112
t05,5,4.902528118910546
t06,6,1.08161439207337
t07,7,5.485009904711907
t08,8,7.975399634761669
t09,9,5.144516636678015
