cost,skills,user_id,user_name
3.806870628488901,"['t00', 't06', 't05']",0,w0
4.853811386462223,"['t01', 't05']",1,w1
8.873087465538015,"['t02', 't05']",2,w2
15.587386520674027,"['t00', 't05', 't07']",3,w3
30.661180758747676,"['t01', 't07']",4,w4
