cost,skills,user_id,user_name
2.537913752325934,"['t02', 't09', 't04']",0,w0
7.280717079693335,"['t00', 't04']",1,w1
8.873087465538015,"['t01', 't04']",2,w2
15.587386520674027,"['t02', 't04', 't03']",3,w3
30.661180758747676,"['t00', 't03']",4,w4
