skill,skill_id,valuation
t0,0,4.732806263517594
t1,1,4.2061987264372265
t2,2,2.863775307733274
t3,3,3.2675267474527403
t4,4,1.0505918935385625
