cost,skills,user_id,user_name
3.647205524125337,['t0'],0,w00
2.86347565302706,['t1'],1,w01
2.5732396348548288,['t0'],2,w02
6.34814672501121,['t1'],3,w03
1.4810689582247454,['t0'],4,w04
14.336871536202153,['t1'],5,w05
5.7937512402651645,"['t0', 't4']",6,w06
6.165814004214136,['t1'],7,w07
10.124590840054426,['t0'],8,w08
9.357356738249454,"['t1', 't4']",9,w09
