skill,skill_id,valuation
t00,0,4.155679131876145
t01,1,16.795315001352435
t02,2,17.805812481186432
t03,3,11.406598396418767
t04,4,6.720741132469543
t05,5,13.320690076464503
t06,6,17.476825180095652
t07,7,5.6516654215637905
t08,8,15.39537070384242
t09,9,18.74585264839773
