skill,skill_id,valuation
t00,0,4.58031760928627
t01,1,10.829770305794186
t02,2,2.6047591241001204
t03,3,15.255033952133209
t04,4,7.999538935029419
t05,5,14.005625826247964
t06,6,6.395049672587422
t07,7,14.262118365742715
t08,8,8.856810789906076
t09,9,12.899360407454166
