skill,skill_id,valuation
t00,0,9.330461024770141
t01,1,4.486820593850157
t02,2,9.11864149276705
t03,3,7.200677414822473
t04,4,3.7341043596566057
t05,5,1.1969128935793092
t06,6,8.964241368038056
t07,7,7.853096105417902
t08,8,6.7419888610669805
t09,9,6.661030771982087
