skill,skill_id,valuation
t00,0,18.586528830070296
t01,1,8.36106569812811
t02,2,18.139354262508217
t03,3,14.090318986847445
t04,4,6.77199809260839
t05,5,1.4157049975563194
t06,6,17.813398443635897
t07,7,15.467647333660016
t08,8,13.121976484474736
t09,9,12.951064963073296
