cost,skills,user_id,user_name
2.7701584656052383,['t00'],0,w00
2.8938044755826686,"['t01', 't06']",1,w01
2.3835168337440122,"['t02', 't06', 't05']",2,w02
7.9533640053939365,['t00'],3,w03
3.3393489367527525,"['t01', 't05', 't07']",4,w04
8.704579870856636,"['t02', 't07']",5,w05
19.345706821136947,"['t00', 't07']",6,w06
7.0729819858017695,"['t01', 't07']",7,w07
28.870936842309934,"['t02', 't07']",8,w08
16.06041864082971,"['t00', 't07', 't03']",9,w09
