cost,skills,user_id,user_name
2.7701584656052383,['t02'],0,w00
2.8938044755826686,"['t00', 't09']",1,w01
4.7670336674880245,"['t01', 't09', 't04']",2,w02
7.9533640053939365,['t02'],3,w03
1.6696744683763762,"['t00', 't04', 't03']",4,w04
4.352289935428318,"['t01', 't03']",5,w05
12.897137880757965,"['t02', 't03']",6,w06
21.21894595740531,"['t00', 't03']",7,w07
28.870936842309934,"['t01', 't03']",8,w08
16.06041864082971,"['t02', 't03', 't06']",9,w09
