skill,skill_id,valuation
t00,0,8.423492720458672
t01,1,19.608663663355202
t02,2,13.809834969080466
t03,3,1.122449268827739
t04,4,2.5312850493152985
t05,5,6.082909253577554
t06,6,16.105052519384166
t07,7,3.7050352269676936
t08,8,4.645942319940764
t09,9,6.240827484014115
