skill,skill_id,valuation
t00,0,4.411154886409894
t01,1,1.8502926112031814
t02,2,8.635459702696952
t03,3,6.656709203148276
t04,4,9.946489178202427
t05,5,1.413919399787535
t06,6,9.619733395531187
t07,7,4.251215175699889
t08,8,6.85566818556471
t09,9,1.601628486319279
