skill,skill_id,valuation
t00,0,8.201326982420888
t01,1,2.7950621792067167
t02,2,17.119303816804678
t03,3,12.941941651090806
t04,4,19.887032709538456
t05,5,1.8738298439959076
t06,6,19.19721494612139
t07,7,7.863676482033097
t08,8,13.3619661695255
t09,9,2.2701045822295884
