skill,skill_id,valuation
t00,0,5.242406576881822
t01,1,12.419582395316645
t02,2,11.574621416566401
t03,3,15.884094267180616
t04,4,11.408417642158515
t05,5,14.88024085577487
t06,6,15.59419113641369
t07,7,15.269493205013742
t08,8,12.14389608339075
t09,9,5.558747507990613
