cost,skills,user_id,user_name
4.702225983749729,['t0'],0,w00
2.458411715329789,"['t0', 't3']",1,w01
1.6283846750380495,['t0'],2,w02
5.889818210861416,"['t0', 't3']",3,w03
1.2910701983348902,"['t0', 't3']",4,w04
11.56753354978197,"['t0', 't3']",5,w05
14.601881285761513,"['t0', 't3']",6,w06
5.60104617391082,"['t0', 't3']",7,w07
23.379710484796142,"['t0', 't3']",8,w08
16.91705735092611,['t0'],9,w09
