skill,skill_id,valuation
t00,0,14.61567347805121
t01,1,6.039201618212678
t02,2,5.6581663346797875
t03,3,16.439050905180007
t04,4,10.4677262584066
t05,5,8.901569917941519
t06,6,14.82742356283497
t07,7,19.30174330729556
t08,8,6.8810550222754845
t09,9,14.377135859985154
