skill,skill_id,valuation
t00,0,7.756359577225
t01,1,1.0105606750848635
t02,2,18.262242577078258
t03,3,12.633727895685562
t04,4,11.50956784251459
t05,5,16.573466626404702
t06,6,19.304194292705304
t07,7,1.2638973670953688
t08,8,6.717307403996879
t09,9,12.060508239690206
