cost,skills,user_id,user_name
9.695137309179046,"['t01', 't07']",0,w0
24.098424284908237,['t00'],1,w1
16.756251515949906,"['t01', 't04', 't03']",2,w2
5.505550976159346,['t00'],3,w3
15.946330716285797,"['t01', 't05']",4,w4
