cost,skills,user_id,user_name
9.102129265215638,"['t0', 't3']",0,w00
3.4671615414965684,"['t0', 't3']",1,w01
6.616116696928091,['t0'],2,w02
3.7018516661083356,"['t0', 't3']",3,w03
9.801122490785115,"['t0', 't3']",4,w04
11.109714363267777,['t0'],5,w05
12.103949514013827,"['t0', 't0', 't3']",6,w06
5.638392769327836,"['t0', 't0', 't3', 't2']",7,w07
20.432897433452663,"['t0', 't0', 't2']",8,w08
20.521617349846235,"['t0', 't0', 't2']",9,w09
