cost,skills,user_id,user_name
2.3453710537315855,"['t01', 't06', 't07']",0,w00
7.682982285404524,"['t00', 't07', 't02']",1,w01
4.84683996204551,"['t01', 't04']",2,w02
9.914096798841616,"['t00', 't03']",3,w03
6.745413709997107,"['t01', 't05']",4,w04
23.209213869459816,"['t00', 't06']",5,w05
10.032461864022622,['t01'],6,w06
14.367366741938522,"['t00', 't02', 't07']",7,w07
20.596930720614452,"['t01', 't02']",8,w08
25.667723963828553,"['t00', 't04']",9,w09
