cost,skills,user_id,user_name
5.804841796272681,"['t01', 't07']",0,w0
18.3643565911213,['t00'],1,w1
19.173210391392896,"['t01', 't04', 't03']",2,w2
19.20702098582169,"['t00', 't03', 't05']",3,w3
13.79633144947886,"['t01', 't02']",4,w4
