cost,skills,user_id,user_name
6.633890467399115,['t02'],0,w0
8.2220041269536,"['t00', 't09']",1,w1
4.17028946075383,['t01'],2,w2
6.51656413040965,"['t02', 't09', 't04']",3,w3
17.784794716424415,"['t00', 't04', 't03']",4,w4
