skill,skill_id,valuation
t00,0,7.449529542234784
t01,1,3.3869902402060053
t02,2,3.2064998427430575
t03,3,8.313234639295793
t04,4,5.4847124381926
t05,5,4.742848908498614
t06,6,7.54983221397446
t07,7,9.66924682977158
t08,8,3.7857629052883874
t09,9,7.336538038940336
