cost,skills,user_id,user_name
4.820544310586424,"['t00', 't06', 't05']",0,w0
3.1847928742696228,"['t01', 't05', 't07']",1,w1
15.64501630069629,"['t02', 't07']",2,w2
15.09838615200012,['t00'],3,w3
28.92106307362471,"['t01', 't07']",4,w4
