skill,skill_id,valuation
t0,0,12.729719228773344
t1,1,14.328225240045146
t2,2,16.11094605334013
t3,3,19.558495677084014
t4,4,10.563231285026816
