skill,skill_id,valuation
t0,0,4.993124365107986
t1,1,4.146870570061626
t2,2,13.978560053214096
t3,3,2.1213984836182895
t4,4,11.027572325068643
