skill,skill_id,valuation
t00,0,11.035578471776562
t01,1,9.718884175013791
t02,2,13.139837700731215
t03,3,15.553784030915713
t04,4,2.500570820551968
t05,5,4.128532516244614
t06,6,4.838647342738168
t07,7,9.16966147637524
t08,8,12.173936208259333
t09,9,7.418985676736067
