cost,skills,user_id,user_name
10.397895168729512,"['t01', 't06', 't07']",0,w00
2.1661370726120177,['t00'],1,w01
11.529910087918163,"['t01', 't07', 't02']",2,w02
5.043205796095194,"['t00', 't04']",3,w03
2.722612251390788,"['t01', 't03']",4,w04
18.40988843576337,"['t00', 't02', 't05']",5,w05
14.827814004008083,"['t01', 't05', 't06']",6,w06
12.419377420045079,"['t00', 't06', 't07', 't02']",7,w07
34.35408819294334,"['t01', 't02', 't04', 't03']",8,w08
9.737415064522931,"['t00', 't05']",9,w09
