cost,skills,user_id,user_name
24.08405372149678,['t0'],0,w00
6.460449581866043,['t1'],1,w01
20.90477024593399,['t0'],2,w02
15.777160179204657,['t1'],3,w03
5.436329161731721,['t0'],4,w04
11.329526817135925,['t1'],5,w05
13.977566973058002,['t0'],6,w06
21.02130346574844,['t1'],7,w07
7.682902589789775,['t0'],8,w08
22.40903763476672,['t1'],9,w09
