cost,skills,user_id,user_name
5.198947584364756,"['t00', 't01', 't07']",0,w00
2.1661370726120177,['t00'],1,w01
5.764955043959081,"['t01', 't00', 't07']",2,w02
10.086411592190387,"['t01', 't07']",3,w03
5.445224502781576,"['t00', 't07']",4,w04
18.40988843576337,"['t01', 't00', 't07']",5,w05
14.827814004008083,"['t01', 't00', 't07']",6,w06
12.419377420045079,"['t01', 't00', 't07', 't03']",7,w07
34.35408819294334,"['t01', 't00', 't03', 't04']",8,w08
9.737415064522931,"['t01', 't04']",9,w09
