skill,skill_id,valuation
t00,0,15.2933085935281
t01,1,12.373712235555855
t02,2,6.550152554088941
t03,3,12.669612389449846
t04,4,17.497253023279132
t05,5,8.963062463067212
t06,6,2.3576305739251477
t07,7,13.626151189871539
t08,8,13.45027728078674
t09,9,8.061940558965428
