cost,skills,user_id,user_name
9.876190242494559,"['t02', 't09', 't04']",0,w00
12.038055652073638,['t00'],1,w01
1.2703164770040702,['t01'],2,w02
3.8082171541528163,"['t02', 't04']",3,w03
8.00576081739401,"['t00', 't04']",4,w04
11.287784300569019,"['t01', 't04']",5,w05
6.791729928660885,"['t02', 't04', 't03']",6,w06
15.325615991759477,"['t00', 't03', 't06']",7,w07
16.538742959192813,"['t01', 't06']",8,w08
21.612440776382464,"['t02', 't00', 't06', 't08', 't07']",9,w09
