skill,skill_id,valuation
t00,0,8.328353889413677
t01,1,18.331166839943496
t02,2,16.182916945593888
t03,3,19.576283248269917
t04,4,18.09810429377144
t05,5,9.671851720220781
t06,6,5.216031323572784
t07,7,15.099860346869583
t08,8,11.299803173409035
t09,9,11.734542223824652
