cost,skills,user_id,user_name
7.340107030119949,"['t00', 't04']",0,w0
5.263402530897243,['t01'],1,w1
16.619279275205884,"['t00', 't04']",2,w2
8.404582724725142,"['t01', 't04']",3,w3
10.99372590772977,"['t00', 't01', 't04']",4,w4
