skill,skill_id,valuation
t0,0,11.035578471776562
t1,1,9.718884175013791
t2,2,13.139837700731215
t3,3,15.553784030915713
t4,4,2.500570820551968
