cost,skills,user_id,user_name
5.198947584364756,"['t0', 't3']",0,w00
3.249205608918027,['t0'],1,w01
11.529910087918163,"['t0', 't3']",2,w02
5.043205796095194,"['t0', 't3']",3,w03
2.722612251390788,"['t0', 't3']",4,w04
24.546517914351163,"['t0', 't3']",5,w05
9.885209336005389,"['t0', 't0', 't3', 't2']",6,w06
8.279584946696719,"['t0', 't0', 't2']",7,w07
22.902725461962223,"['t0', 't0', 't2', 't1']",8,w08
9.737415064522931,"['t0', 't1']",9,w09
