skill,skill_id,valuation
t0,0,14.969097135528411
t1,1,13.251304752407473
t2,2,14.6816299693311
t3,3,6.901652312571504
t4,4,13.947196674412055
