skill,skill_id,valuation
t0,0,3.9408625548480867
t1,1,3.579222053138415
t2,2,3.8803431514381264
t3,3,2.242453118436106
t4,4,3.725725615665696
