cost,skills,user_id,user_name
1.6482471273932275,['t1'],0,w00
1.3395418975087128,['t0'],1,w01
3.1113316781274647,['t1'],2,w02
2.6848750056150914,['t0'],3,w03
1.7005285146440405,['t1'],4,w04
5.490475440659443,['t0'],5,w05
4.640869066960528,['t1'],6,w06
4.94794682726125,['t0'],7,w07
8.084975496424956,['t1'],8,w08
8.654452890375971,['t0'],9,w09
