cost,skills,user_id,user_name
1.6482471273932275,['t0'],0,w00
1.3395418975087128,['t1'],1,w01
3.1113316781274647,['t0'],2,w02
2.6848750056150914,['t1'],3,w03
1.7005285146440405,['t0'],4,w04
5.490475440659443,['t1'],5,w05
4.640869066960528,['t0'],6,w06
4.94794682726125,['t1'],7,w07
8.084975496424956,['t0'],8,w08
8.654452890375971,['t1'],9,w09
