cost,skills,user_id,user_name
5.346513021709123,"['t02', 't09']",0,w0
5.875069476851783,"['t00', 't09', 't04']",1,w1
17.731274570246043,"['t01', 't04', 't03']",2,w2
9.38627770717673,"['t02', 't03']",3,w3
24.005368832164432,"['t00', 't03']",4,w4
