skill,skill_id,valuation
t00,0,19.499005238906285
t01,1,10.00202574515568
t02,2,2.21108241337879
t03,3,6.128946323883593
t04,4,10.025693263561642
t05,5,18.35165583244886
t06,6,4.0646512518000035
t07,7,16.761460021203632
t08,8,15.122601739855794
t09,9,13.801917527690852
