skill,skill_id,valuation
t00,0,7.1916366954591355
t01,1,1.156332400968442
t02,2,16.767814813973402
t03,3,4.381209444804837
t04,4,15.981417733903815
t05,5,11.026743346111314
t06,6,11.202124500933081
t07,7,7.000976077361702
t08,8,10.915104213832917
t09,9,1.062071525321873
