cost,skills,user_id,user_name
13.70292991407765,"['t01', 't07', 't04']",0,w0
9.910247559540037,['t00'],1,w1
10.015658838100814,"['t01', 't04', 't03']",2,w2
6.568169545969781,"['t00', 't05']",3,w3
10.184663903869296,['t01'],4,w4
