cost,skills,user_id,user_name
2.2255814799932407,"['t00', 't06', 't05']",0,w0
11.727787819594575,['t01'],1,w1
21.486542725646398,"['t02', 't05']",2,w2
1.8785352307825098,['t00'],3,w3
8.00244323296262,"['t01', 't05']",4,w4
