cost,skills,user_id,user_name
13.217254553799442,['t02'],0,w00
24.25795700624588,"['t00', 't09', 't04']",1,w01
19.044116092485414,['t01'],2,w02
22.87449491507425,"['t02', 't04', 't03']",3,w03
3.955289232424305,"['t00', 't03', 't06']",4,w04
2.0354230178154316,"['t01', 't06', 't08']",5,w05
7.641371924036305,"['t02', 't08']",6,w06
17.527175710375428,"['t00', 't08']",7,w07
24.34481242691671,"['t01', 't08', 't07']",8,w08
3.359348900747288,"['t02', 't07', 't05']",9,w09
