cost,skills,user_id,user_name
7.798421376547134,"['t00', 't01', 't04']",0,w0
3.249205608918027,['t00'],1,w1
6.509970029306054,"['t01', 't00', 't04']",2,w2
12.057607728126925,"['t01', 't04']",3,w3
16.963483001854385,"['t00', 't04']",4,w4
