cost,skills,user_id,user_name
2.5551113831098733,['t0'],0,w00
7.449757633747405,['t0'],1,w01
1.7455438406856847,['t0'],2,w02
1.9266059659673904,['t0'],3,w03
3.7771593588670638,"['t0', 't2']",4,w04
8.448873499372791,"['t0', 't2']",5,w05
10.875187338446416,"['t0', 't2']",6,w06
5.172331658214421,"['t0', 't2']",7,w07
8.865446950198088,"['t0', 't2']",8,w08
17.776920955820877,['t0'],9,w09
