cost,skills,user_id,user_name
5.110222766219747,['t0'],0,w00
3.7248788168737024,['t0'],1,w01
3.4910876813713694,['t0'],2,w02
1.9266059659673904,['t0'],3,w03
1.8885796794335319,"['t0', 't2']",4,w04
4.2244367496863955,"['t0', 't3']",5,w05
10.875187338446416,"['t0', 't1']",6,w06
10.344663316428843,"['t0', 't2']",7,w07
8.865446950198088,"['t0', 't3']",8,w08
17.776920955820877,['t0'],9,w09
