skill,skill_id,valuation
t00,0,11.148990023292004
t01,1,5.477372173012798
t02,2,1.6640142484047078
t03,3,17.393972972160277
t04,4,9.252721556483923
t05,5,11.035578471776562
t06,6,9.718884175013791
t07,7,13.139837700731215
t08,8,15.553784030915713
t09,9,2.500570820551968
