cost,skills,user_id,user_name
7.798421376547134,"['t01', 't07', 't04']",0,w0
3.249205608918027,['t00'],1,w1
13.019940058612107,"['t01', 't04', 't03']",2,w2
6.0288038640634625,"['t00', 't05']",3,w3
16.963483001854385,"['t01', 't02']",4,w4
