skill,skill_id,valuation
t00,0,9.700974458497738
t01,1,8.42708276418821
t02,2,8.53211035129328
t03,3,13.128776359732079
t04,4,17.803735384954948
t05,5,5.553536242514047
t06,6,3.311392724213883
t07,7,13.908906297851633
t08,8,13.584647641151003
t09,9,9.163034353302134
