cost,skills,user_id,user_name
6.360815662607565,"['t0', 't3']",0,w00
11.682665733962054,"['t0', 't3']",1,w01
3.938244820546781,"['t0', 't3']",2,w02
2.7846891766312574,"['t0', 't3']",3,w03
8.760070596411223,"['t0', 't3']",4,w04
13.072926503193699,"['t0', 't3']",5,w05
13.228729576580507,['t0'],6,w06
11.362457201871713,"['t0', 't0', 't3', 't2']",7,w07
23.425904937728433,"['t0', 't0', 't2']",8,w08
21.727234116177584,"['t0', 't0', 't2']",9,w09
