cost,skills,user_id,user_name
9.64132526349316,"['t01', 't07', 't04']",0,w0
7.038324839184184,"['t00', 't04', 't03']",1,w1
15.138974580319378,"['t01', 't03', 't05']",2,w2
22.504089996155187,"['t00', 't05', 't02']",3,w3
27.078117181514056,"['t01', 't06']",4,w4
