cost,skills,user_id,user_name
3.1824734211060446,['t0'],0,w00
2.5008503121938537,['t0'],1,w01
3.3325092116196453,['t0'],2,w02
2.6921717400853376,['t0'],3,w03
3.6415222790333193,['t0'],4,w04
7.539515206066845,['t0'],5,w05
6.39346619702288,['t0'],6,w06
4.006739262118983,['t0'],7,w07
9.068887739897468,['t0'],8,w08
10.050189444665712,['t0'],9,w09
