skill,skill_id,valuation
t00,0,16.571069017144602
t01,1,1.8155449233112626
t02,2,4.2554129169790995
t03,3,14.823501341756888
t04,4,3.992117683382239
t05,5,9.384389199276509
t06,6,2.285463324423428
t07,7,15.937531917160689
t08,8,9.58672406956991
t09,9,12.610586922923162
