skill,skill_id,valuation
t00,0,8.375769534436916
t01,1,1.3863107531474403
t02,2,2.5420376975164154
t03,3,7.547974319779579
t04,4,2.417318902654745
t05,5,4.971552778604662
t06,6,1.608903679990045
t07,7,8.075673013391906
t08,8,5.067395611901536
t09,9,6.499751700332024
