cost,skills,user_id,user_name
4.702225983749729,"['t00', 't04']",0,w0
3.6876175729946836,"['t01', 't00', 't04']",1,w1
14.513538700152198,"['t01', 't04']",2,w2
19.779636421722834,"['t00', 't01', 't04']",3,w3
16.776187195559707,"['t00', 't01', 't04']",4,w4
