cost,skills,user_id,user_name
1.3573596548918894,"['t02', 't09']",0,w0
5.015094531387503,"['t00', 't09']",1,w1
12.094581702184568,"['t01', 't09', 't04']",2,w2
14.880004701194203,['t02'],3,w3
25.231642206083517,"['t00', 't04']",4,w4
