skill,skill_id,valuation
t00,0,1.0459358404005692
t01,1,1.83393759950463
t02,2,7.438629530301926
t03,3,7.598887696816366
t04,4,3.017366168356868
t05,5,9.708908456735605
t06,6,1.7079302363684443
t07,7,5.832774768233434
t08,8,1.4800365094048424
t09,9,5.461195594862534
