cost,skills,user_id,user_name
3.7448282270901094,"['t02', 't09']",0,w00
10.220344353396321,"['t00', 't09', 't04']",1,w01
2.556969950470755,"['t01', 't04']",2,w02
3.6099576864731047,"['t02', 't04']",3,w03
3.316345231465326,"['t00', 't04']",4,w04
24.079034057416955,"['t01', 't04']",5,w05
11.753542069416081,"['t02', 't04']",6,w06
25.052530145464445,"['t00', 't01', 't04', 't03', 't06']",7,w07
16.023798790057754,"['t02', 't06', 't08']",8,w08
19.625279771155036,"['t00', 't08', 't07', 't05']",9,w09
