skill,skill_id,valuation
t00,0,12.060508239690206
t01,1,6.598497710380844
t02,2,19.294004228584367
t03,3,5.350527348624135
t04,4,8.900000631774056
t05,5,10.522295250020289
t06,6,18.194271920754016
t07,7,9.887253217044012
t08,8,2.7190707992638967
t09,9,15.329113953642656
