cost,skills,user_id,user_name
7.650865512767435,"['t02', 't09']",0,w00
10.700205925182846,"['t00', 't09', 't04']",1,w01
5.586382309759185,"['t01', 't04']",2,w02
14.803733052683537,"['t02', 't04']",3,w03
19.53706064757799,"['t00', 't04', 't03']",4,w04
6.241272286114311,['t01'],5,w05
15.654546596553658,"['t02', 't03']",6,w06
9.196434343731774,"['t00', 't03']",7,w07
13.10871915422047,['t01'],8,w08
6.6399443921721,['t02'],9,w09
