cost,skills,user_id,user_name
15.946330716285797,"['t00', 't01', 't07']",0,w00
9.53434893965263,"['t00', 't07']",1,w01
1.0133398001071958,['t01'],2,w02
22.80493799209885,"['t00', 't01', 't07']",3,w03
15.695235236655446,"['t00', 't01', 't07']",4,w04
14.275243590544745,"['t00', 't01', 't07']",5,w05
20.671747317563835,"['t00', 't07']",6,w06
24.12108752762775,['t01'],7,w07
1.3333440426467815,"['t00', 't07']",8,w08
8.221861983996058,"['t01', 't00', 't07']",9,w09
