cost,skills,user_id,user_name
1.5974887112871976,['t0'],0,w00
2.029141376707751,['t0'],1,w01
1.9635720773907375,['t0'],2,w02
2.532263849882651,['t0'],3,w03
3.1936305850724582,"['t0', 't2']",4,w04
7.394539401319848,"['t0', 't2']",5,w05
11.66739461033757,['t0'],6,w06
7.3501818765873015,['t0'],7,w07
8.46067542548546,['t0'],8,w08
23.066991305399416,['t0'],9,w09
