skill,skill_id,valuation
t00,0,8.269648267893789
t01,1,16.960572249559576
t02,2,15.170874275699482
t03,3,10.89565211474797
t04,4,6.661703508822119
t05,5,10.210132940103826
t06,6,13.2865299236192
t07,7,11.535249120361941
t08,8,12.156682740363834
t09,9,19.548199079681705
