skill,skill_id,valuation
t00,0,3.0272539931297144
t01,1,2.3959402763436692
t02,2,3.670500015504347
t03,3,8.371313997516104
t04,4,13.278171791592536
t05,5,12.449025817300639
t06,6,4.467995204890539
t07,7,5.021293908256819
t08,8,6.5253930283472545
t09,9,6.121313426870618
