cost,skills,user_id,user_name
11.599957065221474,"['t00', 't06']",0,w00
2.947310417471922,"['t01', 't06', 't05']",1,w01
3.4111419249987396,"['t02', 't05', 't07']",2,w02
16.280186703672534,['t00'],3,w03
6.6314308682056815,"['t01', 't07']",4,w04
6.401138255868173,"['t02', 't07']",5,w05
22.454845143593772,"['t00', 't07', 't03']",6,w06
2.6830941799155807,"['t01', 't03', 't09']",7,w07
1.8455972082784475,"['t02', 't09', 't08']",8,w08
18.6825116506449,"['t00', 't08', 't04']",9,w09
