skill,skill_id,valuation
t00,0,5.948771790928218
t01,1,4.554979603297385
t02,2,9.375387688622027
t03,3,6.283011579948531
t04,4,9.45629260508473
t05,5,4.866891710981451
t06,6,7.099443485461621
t07,7,5.400419422930721
t08,8,1.8016383399811544
t09,9,2.4391213313398348
