cost,skills,user_id,user_name
10.897530885824693,"['t00', 't06', 't05']",0,w0
2.334834885532927,"['t01', 't05']",1,w1
18.84955059794779,['t02'],2,w2
14.866152847557721,"['t00', 't05']",3,w3
8.055521581606527,"['t01', 't05', 't07']",4,w4
