cost,skills,user_id,user_name
3.3606228569717085,"['t02', 't09']",0,w00
12.64869585648316,"['t00', 't09', 't04']",1,w01
5.820956517461293,"['t01', 't04', 't03']",2,w02
6.485900371708759,"['t02', 't03']",3,w03
7.901147292224283,"['t00', 't03']",4,w04
12.027314503537319,"['t01', 't03']",5,w05
19.47481207590446,['t02'],6,w06
8.807720862549072,"['t00', 't03', 't06', 't08']",7,w07
30.037796713051655,"['t01', 't08', 't07']",8,w08
30.513595922972776,"['t02', 't07', 't05', 't09']",9,w09
