skill,skill_id,valuation
t00,0,2.590205168873484
t01,1,2.322034046059464
t02,2,7.264058793251537
t03,3,8.190826136684546
t04,4,5.425009306439378
t05,5,8.419439806458607
t06,6,5.661856539279429
t07,7,1.7946298832854968
t08,8,2.492606089166639
t09,9,9.112351829749434
