skill,skill_id,valuation
t00,0,2.21274818874034
t01,1,18.45526075231947
t02,2,8.708698554591335
t03,3,4.5999848702996005
t04,4,18.94720603235879
t05,5,11.749401334539458
t06,6,4.588895676308085
t07,7,6.885961971553265
t08,8,13.28335359062813
t09,9,10.080098924722188
