cost,skills,user_id,user_name
18.552085384643007,['t00'],0,w0
7.2539773879467395,"['t01', 't06', 't05']",1,w1
13.617090114625839,"['t02', 't05']",2,w2
3.865753627803448,['t00'],3,w3
23.996412765381326,"['t01', 't05', 't07']",4,w4
