cost,skills,user_id,user_name
5.329129817782243,['t0'],0,w00
2.4273024342510277,"['t0', 't3']",1,w01
7.4665312939218325,"['t0', 't3']",2,w02
3.938467487071295,['t0'],3,w03
2.6853435185077634,"['t0', 't3']",4,w04
4.274619717805131,"['t0', 't3']",5,w05
9.970240844121943,"['t0', 't3']",6,w06
11.545579212388446,"['t0', 't3']",7,w07
17.52557356308492,"['t0', 't3']",8,w08
20.49006437937981,"['t0', 't3']",9,w09
