skill,skill_id,valuation
t0,0,11.24342031813666
t1,1,8.147735111716976
t2,2,17.161302252020487
t3,3,1.6221212865618369
t4,4,13.017121304712331
