cost,skills,user_id,user_name
23.283893076634335,['t0'],0,w00
5.741641856871619,['t1'],1,w01
21.72500050127397,['t0'],2,w02
14.52967164337865,['t1'],3,w03
20.10878717671929,['t0'],4,w04
11.286568874260585,['t1'],5,w05
22.033296828939566,['t0'],6,w06
6.590672615530091,['t1'],7,w07
8.275511044346775,['t0'],8,w08
17.737917816402437,['t1'],9,w09
