skill,skill_id,valuation
t00,0,19.84851482417772
t01,1,4.849990365003743
t02,2,14.477119099428721
t03,3,7.230795397160212
t04,4,11.114035318448956
t05,5,13.650997600777398
t06,6,18.49364401519906
t07,7,2.557717164491074
t08,8,5.155817941253318
t09,9,12.804018954945578
