cost,skills,user_id,user_name
1.8166435427110468,['t0'],0,w00
3.6801296715552683,"['t0', 't3']",1,w01
5.957952452626454,['t0'],2,w02
3.9885078778831735,"['t0', 't3']",3,w03
2.2405809474463907,['t0'],4,w04
13.737041932234275,['t0'],5,w05
10.7315365777221,"['t0', 't3']",6,w06
14.530019418890603,['t0'],7,w07
10.47494665125682,"['t0', 't3']",8,w08
8.620305217156194,['t0'],9,w09
