skill,skill_id,valuation
t00,0,11.876451465492558
t01,1,6.270838134751916
t02,2,9.053698053752985
t03,3,2.3440352871546586
t04,4,16.6832665606341
t05,5,9.161709462789547
t06,6,11.36602786346052
t07,7,13.111150555861133
t08,8,2.5864740316282684
t09,9,7.087330072717228
