skill,skill_id,valuation
t00,0,4.357099800955133
t01,1,3.7909607639033136
t02,2,14.224124119086579
t03,3,16.180632955222926
t04,4,10.341686313594243
t05,5,16.66326181363484
t06,6,10.841697138478795
t07,7,2.677551975824938
t08,8,4.151057299351794
t09,9,18.126076085026583
