skill,skill_id,valuation
t00,0,2.3337908151747264
t01,1,3.3959007367142395
t02,2,17.137334956702382
t03,3,1.7393294110633906
t04,4,3.9364687014811035
t05,5,10.119323828161003
t06,6,9.491698079571293
t07,7,7.48674172575693
t08,8,2.2458275440530278
t09,9,11.217720368449687
