skill,skill_id,valuation
t00,0,18.19778244329493
t01,1,5.2684592373651284
t02,2,12.184378448974883
t03,3,12.554425894387046
t04,4,7.661660609563196
t05,5,9.25605043719258
t06,6,12.879446004433795
t07,7,4.142671117469411
t08,8,13.93486331090367
t09,9,6.642478362209992
