cost,skills,user_id,user_name
19.827722035148078,"['t01', 't06']",0,w00
16.62473982036807,"['t00', 't07', 't02']",1,w01
21.121824329517345,"['t01', 't04']",2,w02
13.763051221078248,"['t00', 't03']",3,w03
13.662305408923292,"['t01', 't05']",4,w04
5.272444110989233,"['t00', 't02', 't06']",5,w05
22.994340833021845,"['t01', 't06', 't07']",6,w06
23.26087877333559,"['t00', 't02']",7,w07
16.30237615413546,"['t01', 't07', 't04']",8,w08
6.062129920073928,['t00'],9,w09
