cost,skills,user_id,user_name
4.802242925905484,"['t01', 't06', 't07']",0,w00
3.200086496679022,"['t00', 't07', 't02']",1,w01
20.126459522257914,['t01'],2,w02
23.02297506503791,"['t00', 't02', 't04']",3,w03
10.833581329029705,"['t01', 't03']",4,w04
5.927203942154135,"['t00', 't05']",5,w05
4.573627675441979,"['t01', 't06']",6,w06
11.85639371364994,"['t00', 't07']",7,w07
17.935966373104225,"['t01', 't02']",8,w08
4.880956976020991,"['t00', 't04', 't04']",9,w09
