skill,skill_id,valuation
t00,0,2.0660745610103786
t01,1,7.828569928810237
t02,2,6.568575376518502
t03,3,5.110873013440921
t04,4,5.220187270074585
t05,5,1.7256520261039614
t06,6,1.9025188408174167
t07,7,7.146486324931216
t08,8,18.902357635797728
t09,9,18.3015748764951
