cost,skills,user_id,user_name
10.449848818072136,"['t02', 't09', 't04']",0,w0
8.235732659921851,"['t00', 't04', 't03']",1,w1
14.284099037064472,"['t01', 't03']",2,w2
19.877218984812565,"['t02', 't03', 't06']",3,w3
29.540384720637654,"['t00', 't06', 't08']",4,w4
