skill,skill_id,valuation
t00,0,17.812697228817512
t01,1,12.368964435858679
t02,2,1.0320114950651693
t03,3,6.077216764512975
t04,4,10.738399862162128
t05,5,19.878094303919312
t06,6,1.9953537395708247
t07,7,15.69614209902754
t08,8,17.668414553687363
t09,9,1.5070790421783133
