skill,skill_id,valuation
t00,0,16.29758212082494
t01,1,19.9934663561987
t02,2,10.758163385962186
t03,3,2.450078120374139
t04,4,7.467496869740146
t05,5,11.591560201519949
t06,6,6.550315614524758
t07,7,9.691508164084544
t08,8,17.653021389626755
t09,9,14.375535284071352
