cost,skills,user_id,user_name
3.657677046163119,['t00'],0,w00
20.602272468456913,"['t01', 't00', 't07']",1,w01
11.791715981630473,['t01'],2,w02
20.554304520660104,"['t00', 't07']",3,w03
17.44427361910702,"['t01', 't00', 't07', 't05']",4,w04
17.305334624212943,"['t01', 't00', 't05', 't04']",5,w05
6.045391869047414,"['t01', 't00', 't04', 't06']",6,w06
7.036314490018698,"['t01', 't06']",7,w07
24.5178963540034,['t00'],8,w08
23.303615157002696,['t01'],9,w09
