skill,skill_id,valuation
t00,0,18.158135921252583
t01,1,7.417771044570273
t02,2,7.355460111544358
t03,3,17.038767707749454
t04,4,2.836045616980514
t05,5,7.9825568493169285
t06,6,6.54857767802873
t07,7,5.931901799469541
t08,8,8.108097313316232
t09,9,19.52615410677417
