skill,skill_id,valuation
t00,0,17.75718547133845
t01,1,17.347144966900718
t02,2,2.175023989226587
t03,3,10.04084046114409
t04,4,10.977793409422542
t05,5,6.196222735330032
t06,6,19.951839770964188
t07,7,8.874418633655946
t08,8,11.792197418986566
t09,9,15.427600796289187
