skill,skill_id,valuation
t00,0,8.90566853498143
t01,1,14.707947845092562
t02,2,16.782228380429082
t03,3,17.649894630908626
t04,4,8.990920848877607
t05,5,18.632259045399813
t06,6,18.61025553967251
t07,7,18.5580885352699
t08,8,2.7658751132129753
t09,9,7.704643072189992
