skill,skill_id,valuation
t00,0,4.744790358675415
t01,1,7.493238452938582
t02,2,8.475792390729563
t03,3,8.886792193588295
t04,4,4.785173033678866
t05,5,9.352122705715702
t06,6,9.341699992476451
t07,7,9.31698930618048
t08,8,1.8364671588903567
t09,9,4.175883560511048
