skill,skill_id,valuation
t00,0,5.471915621741925
t01,1,7.161808637750422
t02,2,2.299129202803279
t03,3,9.298698775397883
t04,4,4.100783139268755
t05,5,3.9165661668442304
t06,6,3.6789430023921934
t07,7,4.917902738828243
t08,8,1.7828787183838457
t09,9,1.9975917063681226
