cost,skills,user_id,user_name
13.442491427886834,"['t00', 't06']",0,w00
6.32434792824158,"['t01', 't06', 't05']",1,w01
8.73143477619194,"['t02', 't05', 't07']",2,w02
4.323933581139173,"['t00', 't07']",3,w03
3.9505736461121415,"['t01', 't07']",4,w04
24.054629007074638,"['t02', 't07']",5,w05
9.73740603795223,['t00'],6,w06
8.807720862549072,"['t01', 't07', 't03', 't09']",7,w07
30.037796713051655,"['t02', 't09', 't08']",8,w08
30.513595922972776,"['t00', 't08', 't04', 't06']",9,w09
