skill,skill_id,valuation
t00,0,12.856517928746584
t01,1,18.148966401026232
t02,2,7.211081057704076
t03,3,3.029379913547245
t04,4,19.66695720611921
t05,5,18.517105333163528
t06,6,18.755225326670438
t07,7,6.579426022908612
t08,8,4.132698683084454
t09,9,13.207489429974302
