cost,skills,user_id,user_name
2.8349406372782475,['t00'],0,w00
2.4599575352837113,"['t01', 't00', 't07']",1,w01
5.057466184427826,"['t01', 't00', 't07']",2,w02
10.559951493566212,"['t01', 't00', 't07', 't05']",3,w03
7.02271397242461,"['t01', 't00', 't05']",4,w04
31.574624775070074,"['t01', 't00', 't05']",5,w05
15.077998547939366,"['t01', 't05']",6,w06
22.537721980906184,"['t00', 't01', 't05', 't04']",7,w07
26.285499171261442,"['t00', 't01', 't04']",8,w08
11.023430473925254,['t00'],9,w09
