cost,skills,user_id,user_name
21.120105895933047,['t0'],0,w00
8.79599518442335,['t1'],1,w01
19.6245747983347,['t0'],2,w02
20.115807205712734,['t1'],3,w03
23.101594189037655,['t0'],4,w04
6.609595388356656,['t1'],5,w05
14.75110477316841,['t0'],6,w06
21.252981845123728,['t1'],7,w07
11.937082694987904,['t0'],8,w08
7.979212166217235,['t1'],9,w09
