skill,skill_id,valuation
t00,0,6.951945993354207
t01,1,1.2328470674199248
t02,2,17.900911759279758
t03,3,9.196433021600527
t04,4,13.277875422533395
t05,5,9.662491183305525
t06,6,16.67657655381625
t07,7,11.77211188317794
t08,8,16.457639851834543
t09,9,19.53327246780767
