cost,skills,user_id,user_name
9.547420263318134,"['t01', 't07', 't04']",0,w0
7.502550936581561,"['t00', 't03']",1,w1
14.220024564319054,"['t01', 't05']",2,w2
12.512457973560899,"['t00', 't02']",3,w3
23.044059410755516,"['t01', 't04', 't06']",4,w4
