skill,skill_id,valuation
t00,0,2.6959399201882333
t01,1,5.656206986955141
t02,2,1.7601490587842674
t03,3,7.752384503642046
t04,4,4.315571074487619
t05,5,7.160559601906931
t06,6,3.5555498449098315
t07,7,7.282056067983392
t08,8,4.7216472162712995
t09,9,6.636539140373026
