skill,skill_id,valuation
t00,0,9.64875972204953
t01,1,5.535680051116393
t02,2,7.9404140970054025
t03,3,2.9864028463014014
t04,4,4.824735992106016
t05,5,1.180598073686905
t06,6,4.106132111393835
t07,7,2.2206438161421875
t08,8,1.358979354295379
t09,9,6.381114591829803
