skill,skill_id,valuation
t00,0,19.25849274654901
t01,1,10.575324552356829
t02,2,15.651985315900294
t03,3,5.193517119969625
t04,4,9.074442650001588
t05,5,1.3812626000056885
t06,6,7.55739001294254
t07,7,3.5769147229668397
t08,8,1.7578453035124664
t09,9,12.360130804974029
