cost,skills,user_id,user_name
8.662274253718262,"['t02', 't09', 't04']",0,w00
9.522623036095364,"['t00', 't04', 't03']",1,w01
3.6400083999773587,"['t01', 't03', 't06']",2,w02
8.336805774708784,"['t02', 't06']",3,w03
7.893951356591213,"['t00', 't06', 't08']",4,w04
12.000085954297266,"['t01', 't08']",5,w05
14.73696891633247,"['t02', 't08']",6,w06
20.160366378449915,"['t00', 't08']",7,w07
17.449629668334246,"['t01', 't08', 't07']",8,w08
24.92348408839112,"['t02', 't07', 't05']",9,w09
