cost,skills,user_id,user_name
8.662274253718262,"['t00', 't06', 't05']",0,w00
9.522623036095364,"['t01', 't05', 't07']",1,w01
5.4600125999660385,"['t02', 't07', 't03']",2,w02
5.557870516472523,"['t00', 't03']",3,w03
7.893951356591213,"['t01', 't03', 't09']",4,w04
12.000085954297266,"['t02', 't09']",5,w05
14.73696891633247,"['t00', 't09']",6,w06
20.160366378449915,"['t01', 't09']",7,w07
17.449629668334246,"['t02', 't09', 't08']",8,w08
24.92348408839112,"['t00', 't08', 't04']",9,w09
