skill,skill_id,valuation
t00,0,4.76977311644816
t01,1,3.856241967555415
t02,2,7.10304729461413
t03,3,7.282319537179149
t04,4,3.885203126897835
t05,5,6.942566748777773
t06,6,1.5052138463596423
t07,7,3.7297771894716116
t08,8,3.8156799510781334
t09,9,1.7058805104769559
