cost,skills,user_id,user_name
14.223632858216167,['t00'],0,w00
5.162303524683909,"['t01', 't06', 't05']",1,w01
4.456146328616046,['t02'],2,w02
23.235337199994813,"['t00', 't05']",3,w03
12.825361066946554,"['t01', 't05', 't07']",4,w04
20.6884137381731,"['t02', 't07']",5,w05
16.867120089314113,"['t00', 't07', 't03']",6,w06
11.333100614629954,"['t01', 't03', 't09']",7,w07
3.516675053869678,"['t02', 't09']",8,w08
2.8391911586134597,"['t00', 't09', 't08']",9,w09
