skill,skill_id,valuation
t00,0,6.7899414521761
t01,1,9.609688758590554
t02,2,3.967534376017133
t03,3,6.0279491143676545
t04,4,7.312209480568992
t05,5,3.68488173021683
t06,6,6.828043819101813
t07,7,8.739761986815427
t08,8,9.279107500335957
t09,9,7.6747917331334365
