skill,skill_id,valuation
t00,0,13.223209732371766
t01,1,19.176009601468948
t02,2,7.264794793813948
t03,3,11.614559241442825
t04,4,14.325775570090093
t05,5,6.668083652679974
t06,6,13.303648062548271
t07,7,17.33949752772146
t08,8,18.478115834042576
t09,9,15.091226992170588
