cost,skills,user_id,user_name
7.66533414932962,"['t00', 't01', 't04']",0,w0
11.174636450621106,"['t00', 't04']",1,w1
9.988116908495158,"['t01', 't04']",2,w2
15.706423863869562,"['t00', 't01', 't04']",3,w3
18.369545811822753,"['t00', 't01', 't04']",4,w4
