cost,skills,user_id,user_name
7.720909685242625,"['t01', 't07', 't04']",0,w0
10.106763276601898,"['t00', 't04', 't03']",1,w1
9.650513824335096,"['t01', 't05']",2,w2
16.44370231965913,"['t00', 't02']",3,w3
21.341566254161812,"['t01', 't03', 't06']",4,w4
