skill,skill_id,valuation
t00,0,14.409467214998529
t01,1,6.375605058157658
t02,2,6.179074816663596
t03,3,17.790416658024373
t04,4,2.3547927322652047
t05,5,2.908730449744459
t06,6,1.2280288596338131
t07,7,10.196212973475877
t08,8,13.22264141765273
t09,9,8.106663963192531
