skill,skill_id,valuation
t0,0,15.351740111396154
t1,1,4.570090901866974
t2,2,16.577036659248634
t3,3,3.7747752230963267
t4,4,13.498614368758727
