cost,skills,user_id,user_name
7.018025013992445,"['t02', 't09', 't04']",0,w0
10.724721637873687,"['t00', 't04', 't03']",1,w1
18.52932396024866,"['t01', 't03']",2,w2
9.97865866892014,"['t02', 't03']",3,w3
31.620247098922288,"['t00', 't03', 't06']",4,w4
