cost,skills,user_id,user_name
2.3453710537315855,"['t0', 't3']",0,w00
3.841491142702262,"['t0', 't3']",1,w01
4.84683996204551,"['t0', 't3']",2,w02
6.60939786589441,"['t0', 't3']",3,w03
6.745413709997107,"['t0', 't3']",4,w04
15.472809246306543,"['t0', 't3']",5,w05
10.032461864022622,['t0'],6,w06
7.183683370969261,"['t0', 't3']",7,w07
20.596930720614452,['t0'],8,w08
17.1118159758857,['t0'],9,w09
