cost,skills,user_id,user_name
2.6765823385014142,"['t00', 't07']",0,w00
11.684386179024303,"['t01', 't07']",1,w01
6.159858534698861,"['t00', 't07']",2,w02
3.7028358119802216,"['t01', 't07']",3,w03
6.007297533711215,"['t00', 't01', 't07']",4,w04
14.32217304299905,"['t00', 't07']",5,w05
21.64125715778505,"['t01', 't00', 't07']",6,w06
22.192428753254568,"['t01', 't00', 't07']",7,w07
32.485265654677946,"['t01', 't00', 't07']",8,w08
16.79372457878101,"['t01', 't07']",9,w09
