skill,skill_id,valuation
t0,0,2.813619682183026
t1,1,4.647068236875487
t2,2,2.8117205899918023
t3,3,4.082969136148288
t4,4,3.5289219572270936
