cost,skills,user_id,user_name
2.0113371070657244,['t0'],0,w00
3.4397394876796143,['t1'],1,w01
1.4626851358041058,['t0'],2,w02
1.6706344885602005,['t1'],3,w03
3.507997999022453,['t0'],4,w04
12.01102092748867,"['t1', 't4']",5,w05
13.394355316788435,"['t0', 't4']",6,w06
6.551449443706316,"['t1', 't4']",7,w07
11.785563412707617,"['t0', 't4']",8,w08
22.751551758082787,['t1'],9,w09
