skill,skill_id,valuation
t00,0,4.571620431164177
t01,1,4.339198284364664
t02,2,5.513920547472828
t03,3,17.708394596896614
t04,4,19.821298976998932
t05,5,10.18847607827044
t06,6,16.589023605464547
t07,7,10.082891028839578
t08,8,5.158777480669566
t09,9,14.470249818823785
