skill,skill_id,valuation
t0,0,14.354373245708341
t1,1,14.615240640039628
t2,2,5.484333510930782
t3,3,6.874685586059876
t4,4,19.980553217332087
