skill,skill_id,valuation
t0,0,3.8114469990964928
t1,1,3.8663664505346587
t2,2,1.944070212827533
t3,3,2.2367759128547107
t4,4,4.995905940490966
