cost,skills,user_id,user_name
2.2526778449238427,['t1'],0,w00
2.368154348907177,['t0'],1,w01
1.782795002638438,['t1'],2,w02
2.3570588944254776,['t0'],3,w03
1.4213458108087402,['t1'],4,w04
7.3192147280211035,['t0'],5,w05
5.892667788102509,['t1'],6,w06
7.445799429659252,['t0'],7,w07
10.695266041002855,['t1'],8,w08
8.65253115043299,['t0'],9,w09
