cost,skills,user_id,user_name
2.2526778449238427,['t0'],0,w00
2.368154348907177,['t1'],1,w01
1.782795002638438,['t0'],2,w02
2.3570588944254776,['t1'],3,w03
1.4213458108087402,['t0'],4,w04
7.3192147280211035,['t1'],5,w05
5.892667788102509,['t0'],6,w06
7.445799429659252,['t1'],7,w07
10.695266041002855,['t0'],8,w08
8.65253115043299,['t1'],9,w09
