cost,skills,user_id,user_name
8.381658989427965,"['t02', 't09']",0,w0
20.92937444458773,"['t00', 't09', 't04']",1,w1
17.611811355586408,['t01'],2,w2
1.1721001688397559,"['t02', 't04', 't03']",3,w3
17.720170859822375,['t00'],4,w4
