skill,skill_id,valuation
t00,0,7.609935682584248
t01,1,6.4358094780900865
t02,2,4.0805446076891
t03,3,2.115955913758904
t04,4,4.545293847551208
t05,5,5.33710563512464
t06,6,1.9618452487827047
t07,7,6.452599403941211
t08,8,8.271190684014481
t09,9,7.895833973058769
