skill,skill_id,valuation
t00,0,14.141884381763754
t01,1,1.4361112608508877
t02,2,8.61864559221323
t03,3,3.3842532576096374
t04,4,13.872037510018028
t05,5,19.496510387822333
t06,6,9.448833065868556
t07,7,9.960570535860537
t08,8,5.904813695933923
t09,9,2.757046197875844
