skill,skill_id,valuation
t00,0,14.766620693264997
t01,1,12.766866355618676
t02,2,8.071603019672589
t03,3,17.863592032498154
t04,4,14.840218198838118
t05,5,12.241105445466301
t06,6,7.079807415042072
t07,7,10.383172808641223
t08,8,18.221711565012747
t09,9,8.234910237406966
