cost,skills,user_id,user_name
3.8921190463269655,"['t00', 't04']",0,w0
4.39135260236427,"['t01', 't04']",1,w1
15.32818343253826,"['t00', 't04']",2,w2
15.521395516761466,"['t01', 't00', 't04']",3,w3
29.1255070062792,"['t01', 't04']",4,w4
