cost,skills,user_id,user_name
1.3382911692507071,['t0'],0,w00
3.894795393008101,['t0'],1,w01
3.0799292673494305,['t0'],2,w02
1.8514179059901108,['t0'],3,w03
3.0036487668556076,['t0'],4,w04
7.161086521499525,['t0'],5,w05
7.213752385928349,['t0'],6,w06
7.397476251084855,['t0'],7,w07
10.828421884892649,['t0'],8,w08
8.396862289390505,['t0'],9,w09
