skill,skill_id,valuation
t0,0,9.671851720220781
t1,1,5.216031323572784
t2,2,15.099860346869583
t3,3,11.299803173409035
t4,4,11.734542223824652
