cost,skills,user_id,user_name
3.6700535150599745,['t0'],0,w00
2.6317012654486214,['t0'],1,w01
2.1548198188014704,"['t0', 't3']",2,w02
1.1517185217719286,['t0'],3,w03
6.490588861594655,"['t0', 't3']",4,w04
11.085622690279443,['t0'],5,w05
7.648666703145999,"['t0', 't3']",6,w06
14.392807134986901,['t0'],7,w07
23.821592946639964,"['t0', 't3']",8,w08
23.199201807903762,"['t0', 't3']",9,w09
