skill,skill_id,valuation
t0,0,5.312921410458985
t1,1,15.157534861488582
t2,2,18.08342430867725
t3,3,16.29066157186919
t4,4,9.82263694560523
