skill,skill_id,valuation
t0,0,1.9079834548334706
t1,1,3.9805336550502277
t2,2,4.596510380774158
t3,3,4.219086646709304
t4,4,2.8573972517063644
