cost,skills,user_id,user_name
3.6838799405751548,['t0'],0,w00
2.5173122891069095,['t1'],1,w01
3.7480465393912663,['t0'],2,w02
2.757024442063422,['t1'],3,w03
1.7654984006749692,['t0'],4,w04
6.008348567332959,['t1'],5,w05
4.805679445455995,['t0'],6,w06
6.907984230162425,['t1'],7,w07
11.178112179530341,['t0'],8,w08
9.54847069641065,['t1'],9,w09
