skill,skill_id,valuation
t00,0,1.820515058785162
t01,1,8.175820565471774
t02,2,18.037092266819425
t03,3,16.023820199646586
t04,4,9.109658438639663
t05,5,15.703622409259625
t06,6,6.025710338867059
t07,7,4.288213442501947
t08,8,6.710497333773734
t09,9,8.821635065327806
