skill,skill_id,valuation
t00,0,1.3886650278456032
t01,1,4.399072899433998
t02,2,9.070201600072359
t03,3,8.116546410358911
t04,4,4.841417155145104
t05,5,7.9648737728071906
t06,6,3.380599634200186
t07,7,2.557574788553554
t08,8,3.7049724212612425
t09,9,4.7049850309447505
