cost,skills,user_id,user_name
5.288003806665396,"['t00', 't06', 't05']",0,w0
5.328669924484633,"['t01', 't05']",1,w1
14.853816512598993,"['t02', 't05', 't07']",2,w2
10.47260114286425,"['t00', 't07']",3,w3
35.25814874158701,"['t01', 't07']",4,w4
