skill,skill_id,valuation
t00,0,6.225230448680095
t01,1,3.894138028187151
t02,2,4.571109176379249
t03,3,5.206346475963046
t04,4,4.579220991597541
t05,5,9.756568509555892
t06,6,7.554587649825825
t07,7,7.878874269954312
t08,8,7.465286623424625
t09,9,4.227685977193318
