cost,skills,user_id,user_name
9.541223493911348,"['t01', 't07', 't04']",0,w0
8.76199930047154,"['t00', 't03']",1,w1
15.835319521458082,"['t01', 't04', 't05']",2,w2
13.569378353262515,"['t00', 't02']",3,w3
21.12006275236553,"['t01', 't05', 't06']",4,w4
