cost,skills,user_id,user_name
2.0113371070657244,['t1'],0,w00
3.4397394876796143,['t0'],1,w01
1.4626851358041058,['t1'],2,w02
1.6706344885602005,['t0'],3,w03
3.507997999022453,['t1'],4,w04
12.01102092748867,"['t0', 't2']",5,w05
6.697177658394217,"['t1', 't2']",6,w06
13.102898887412632,"['t0', 't2']",7,w07
11.785563412707617,"['t1', 't2']",8,w08
22.751551758082787,['t0'],9,w09
