skill,skill_id,valuation
t0,0,4.791373837330659
t1,1,18.38460271112456
t2,2,9.376683578833878
t3,3,19.96840640299211
t4,4,16.829695539568476
