skill,skill_id,valuation
t00,0,2.5687109427408696
t01,1,5.872682527249803
t02,2,6.2667597673030775
t03,3,1.0178263767202087
t04,4,2.9288264359181246
t05,5,2.072150741037815
t06,6,5.957418744062861
t07,7,4.7868037217501875
t08,8,7.410249444418158
t09,9,1.3785429834304266
