skill,skill_id,valuation
t00,0,3.1049631860806115
t01,1,18.82046059981259
t02,2,6.676261587973876
t03,3,14.950020270947359
t04,4,17.985960055053066
t05,5,7.97125153709018
t06,6,15.896853651817617
t07,7,8.211766212718494
t08,8,13.03318203971127
t09,9,7.850761734884812
