skill,skill_id,valuation
t00,0,1.9970878249855528
t01,1,9.441270810437544
t02,2,3.6887554890402567
t03,3,7.607904338869802
t04,4,9.045981078709346
t05,5,4.302171780726928
t06,6,8.056404361387292
t07,7,4.416099784971918
t08,8,6.6999283346000755
t09,9,4.245097663892805
