cost,skills,user_id,user_name
9.876190242494559,"['t00', 't06', 't05']",0,w00
12.038055652073638,['t01'],1,w01
1.2703164770040702,['t02'],2,w02
3.8082171541528163,"['t00', 't05']",3,w03
8.00576081739401,"['t01', 't05']",4,w04
11.287784300569019,"['t02', 't05']",5,w05
13.58345985732177,"['t00', 't05', 't07']",6,w06
7.662807995879739,"['t01', 't07', 't03']",7,w07
16.538742959192813,"['t02', 't03']",8,w08
21.612440776382464,"['t00', 't01', 't03', 't09', 't08']",9,w09
