cost,skills,user_id,user_name
7.0361131611947565,"['t00', 't01', 't04']",0,w0
11.524473428106786,"['t00', 't01', 't04']",1,w1
11.795786616060681,"['t00', 't04']",2,w2
14.145863821192547,"['t01', 't04']",3,w3
22.327218279996146,"['t00', 't04']",4,w4
