skill,skill_id,valuation
t00,0,5.561509495977115
t01,1,6.831108921332234
t02,2,9.439384616779266
t03,3,5.162175984054594
t04,4,5.9602767860502786
t05,5,11.172689938538557
t06,6,14.644346722434125
t07,7,18.71054822957014
t08,8,4.456535181999152
t09,9,5.7733536135027546
