skill,skill_id,valuation
t00,0,19.534460712005874
t01,1,18.250084265159067
t02,2,18.679649298765682
t03,3,14.289307492235757
t04,4,17.143321469676067
t05,5,16.12630092986415
t06,6,2.018952220657513
t07,7,15.781673383121475
t08,8,18.304788671352163
t09,9,2.6147631713528883
