cost,skills,user_id,user_name
13.217254553799442,['t00'],0,w00
24.25795700624588,"['t01', 't06', 't05']",1,w01
19.044116092485414,['t02'],2,w02
22.87449491507425,"['t00', 't05', 't07']",3,w03
3.955289232424305,"['t01', 't07', 't03']",4,w04
2.0354230178154316,"['t02', 't03', 't09']",5,w05
7.641371924036305,"['t00', 't09']",6,w06
17.527175710375428,"['t01', 't09']",7,w07
24.34481242691671,"['t02', 't09', 't08']",8,w08
3.359348900747288,"['t00', 't08', 't04']",9,w09
