skill,skill_id,valuation
t0,0,16.29758212082494
t1,1,19.9934663561987
t2,2,10.758163385962186
t3,3,2.450078120374139
t4,4,7.467496869740146
