cost,skills,user_id,user_name
7.720909685242625,"['t01', 't06', 't07']",0,w00
10.106763276601898,"['t00', 't07', 't02']",1,w01
3.2378853682513213,"['t01', 't04']",2,w02
4.221851159829565,"['t00', 't03']",3,w03
9.009262035932036,"['t01', 't02', 't05']",4,w04
19.332940804320714,"['t00', 't05', 't06']",5,w05
19.21857307742805,"['t01', 't06', 't07']",6,w06
7.619685037217344,"['t00', 't07', 't02']",7,w07
25.9052698136364,"['t01', 't02', 't04']",8,w08
30.22560918648987,['t00'],9,w09
