skill,skill_id,valuation
t00,0,16.704831167513486
t01,1,9.878227302193947
t02,2,4.791373837330659
t03,3,18.38460271112456
t04,4,9.376683578833878
t05,5,19.96840640299211
t06,6,16.829695539568476
t07,7,6.322233505592946
t08,8,7.404527773734592
t09,9,8.084291973729718
