cost,skills,user_id,user_name
11.599957065221474,"['t02', 't09']",0,w00
2.947310417471922,"['t00', 't09', 't04']",1,w01
3.4111419249987396,"['t01', 't04', 't03']",2,w02
16.280186703672534,['t02'],3,w03
6.6314308682056815,"['t00', 't03']",4,w04
6.401138255868173,"['t01', 't03']",5,w05
22.454845143593772,"['t02', 't03', 't06']",6,w06
2.6830941799155807,"['t00', 't06', 't08']",7,w07
1.8455972082784475,"['t01', 't08', 't07']",8,w08
18.6825116506449,"['t02', 't07', 't05']",9,w09
