cost,skills,user_id,user_name
3.6700535150599745,['t0'],0,w00
2.6317012654486214,['t0'],1,w01
2.1548198188014704,['t0'],2,w02
1.1517185217719286,['t0'],3,w03
3.2452944307973275,['t0'],4,w04
5.542811345139722,['t0'],5,w05
7.648666703145999,['t0'],6,w06
7.196403567493451,['t0'],7,w07
11.910796473319982,['t0'],8,w08
11.599600903951881,['t0'],9,w09
