cost,skills,user_id,user_name
9.480826880369836,"['t02', 't09']",0,w0
4.903048381058352,"['t00', 't09']",1,w1
23.085852847373168,"['t01', 't09', 't04']",2,w2
13.954015086420064,"['t02', 't04', 't03']",3,w3
23.95859126421164,"['t00', 't03']",4,w4
