skill,skill_id,valuation
t00,0,4.311723101341835
t01,1,11.286774224194028
t02,2,12.118715064306496
t03,3,1.037633461964885
t04,4,5.0719669202715965
t05,5,3.2634293421909417
t06,6,11.465661793021596
t07,7,8.994363412583727
t08,8,14.532748827105
t09,9,1.7991462983531228
