skill,skill_id,valuation
t00,0,18.674335402624354
t01,1,2.2578312092830544
t02,2,9.939348586236648
t03,3,17.275009077470603
t04,4,12.063615670373823
t05,5,1.1749232641967122
t06,6,2.408719366007771
t07,7,16.138997455338064
t08,8,6.055979452801077
t09,9,19.698586226963947
