cost,skills,user_id,user_name
4.824098654030537,"['t01', 't06', 't07']",0,w00
5.969409737802614,"['t00', 't02']",1,w01
10.795744282249792,"['t01', 't07', 't04']",2,w02
3.7088749651158945,"['t00', 't04', 't03']",3,w03
10.707586905050135,"['t01', 't03', 't05']",4,w04
12.892430239178337,"['t00', 't06']",5,w05
20.417080073851654,"['t01', 't05', 't07']",6,w06
10.80744601285403,['t00'],7,w07
30.575112168020368,"['t01', 't02']",8,w08
8.729596073429539,['t00'],9,w09
