cost,skills,user_id,user_name
4.824098654030537,"['t00', 't01', 't07']",0,w00
8.954114606703921,"['t00', 't07']",1,w01
7.197162854833195,"['t01', 't00', 't07']",2,w02
3.7088749651158945,"['t01', 't00', 't07']",3,w03
10.707586905050135,"['t01', 't00', 't07']",4,w04
12.892430239178337,"['t01', 't07']",5,w05
13.611386715901103,"['t00', 't01', 't07']",6,w06
16.211169019281044,['t00'],7,w07
30.575112168020368,"['t01', 't07']",8,w08
8.729596073429539,['t00'],9,w09
