skill,skill_id,valuation
t00,0,18.568741913673747
t01,1,16.79858465914598
t02,2,13.397890655838374
t03,3,11.1005569922895
t04,4,17.481760679381328
t05,5,19.604821772211906
t06,6,15.64309125125001
t07,7,12.944751709065157
t08,8,9.851745623048295
t09,9,14.781019167054952
