skill,skill_id,valuation
t00,0,5.302130726901256
t01,1,19.83539508253689
t02,2,1.9921238955959553
t03,3,15.50613295531309
t04,4,1.4337482408419837
t05,5,12.706095754029041
t06,6,10.165999679193373
t07,7,14.85828959530161
t08,8,6.825985943686762
t09,9,1.0460549507820276
