cost,skills,user_id,user_name
20.079387206728825,['t02'],0,w00
12.65010868655467,"['t00', 't09', 't04']",1,w01
19.81158334702333,"['t01', 't04']",2,w02
14.985109523766194,"['t02', 't04', 't03']",3,w03
1.285876500918623,['t00'],4,w04
10.228630156355088,"['t01', 't03']",5,w05
9.714407662288174,"['t02', 't03', 't06']",6,w06
19.51650987247195,"['t00', 't06']",7,w07
15.383863298419026,['t01'],8,w08
3.7693488091992657,['t02'],9,w09
