skill,skill_id,valuation
t00,0,11.928551554239538
t01,1,14.117208439668897
t02,2,6.400480580400211
t03,3,5.818126183012624
t04,4,13.531166222177086
t05,5,18.200342076858565
t06,6,15.599307728880644
t07,7,6.556660849692024
t08,8,2.3808938964432143
t09,9,19.276309303779204
