skill,skill_id,valuation
t00,0,8.471434126485416
t01,1,9.430761685843565
t02,2,3.1601659132060407
t03,3,8.314580479291717
t04,4,2.5385251941158664
t05,5,8.789776823256421
t06,6,6.919989990028272
t07,7,6.730222458553685
t08,8,9.505219428921365
t09,9,7.243311893337385
