cost,skills,user_id,user_name
3.462974240640471,"['t00', 't06']",0,w00
3.1227943715457522,"['t01', 't06']",1,w01
11.006599346587105,"['t02', 't06']",2,w02
7.601427803264287,"['t00', 't06', 't05']",3,w03
3.0983829016378808,"['t01', 't05']",4,w04
16.471014594288885,"['t02', 't05']",5,w05
15.682801042056255,"['t00', 't05']",6,w06
8.625909051732389,"['t01', 't05', 't07']",7,w07
22.248534128836244,"['t02', 't07', 't03']",8,w08
22.505514281954724,"['t00', 't03', 't09']",9,w09
