cost,skills,user_id,user_name
3.462974240640471,"['t02', 't09']",0,w00
2.081862914363835,"['t00', 't09']",1,w01
7.337732897724737,"['t01', 't09']",2,w02
11.402141704896431,"['t02', 't09', 't04']",3,w03
4.647574352456822,"['t00', 't04']",4,w04
10.980676396192589,"['t01', 't04']",5,w05
15.682801042056255,"['t02', 't04']",6,w06
12.938863577598585,"['t00', 't04', 't03']",7,w07
22.248534128836244,"['t01', 't03', 't06']",8,w08
22.505514281954724,"['t02', 't06', 't08']",9,w09
