cost,skills,user_id,user_name
15.669148547236752,"['t01', 't07']",0,w0
23.402729392749404,"['t00', 't04', 't03']",1,w1
16.200438278922025,"['t01', 't05']",2,w2
19.827722035148078,"['t00', 't02']",3,w3
16.62473982036807,"['t01', 't06']",4,w4
