skill,skill_id,valuation
t0,0,18.568741913673747
t1,1,16.79858465914598
t2,2,13.397890655838374
t3,3,11.1005569922895
t4,4,17.481760679381328
