cost,skills,user_id,user_name
17.933239907097065,['t1'],0,w00
15.535065129771988,['t0'],1,w01
20.388302314408623,['t1'],2,w02
21.33679995317444,['t0'],3,w03
22.648268462140926,['t1'],4,w04
9.611986090811197,['t0'],5,w05
15.617444814248568,['t1'],6,w06
13.441904693927379,['t0'],7,w07
12.018553914148907,['t1'],8,w08
6.039197404167538,['t0'],9,w09
