skill,skill_id,valuation
t0,0,18.040226523435003
t1,1,19.36898275347798
t2,2,10.976818963392876
t3,3,7.405263441034335
t4,4,12.146426537902245
