cost,skills,user_id,user_name
15.296534018109536,['t0'],0,w00
8.46095822016085,['t1'],1,w01
22.20026700686408,['t0'],2,w02
2.8759619518668904,['t1'],3,w03
13.986917057507144,['t0'],4,w04
20.34097793498394,['t1'],5,w05
2.1978751456427137,['t0'],6,w06
3.8720761399595993,['t1'],7,w07
16.56588591668168,['t0'],8,w08
3.984696084749208,['t1'],9,w09
