cost,skills,user_id,user_name
21.131991563581874,['t1'],0,w00
8.44651254883047,['t0'],1,w01
4.95402773386904,['t1'],2,w02
14.268935024282683,['t0'],3,w03
5.052364290802898,['t1'],4,w04
2.021130147224566,['t0'],5,w05
16.841531719091947,['t1'],6,w06
16.421392784619062,['t0'],7,w07
6.62381565107907,['t1'],8,w08
11.066381806612693,['t0'],9,w09
