cost,skills,user_id,user_name
3.657677046163119,['t0'],0,w00
20.602272468456913,"['t0', 't3']",1,w01
11.791715981630473,['t0'],2,w02
20.554304520660104,['t0'],3,w03
17.44427361910702,"['t0', 't3']",4,w04
17.305334624212943,"['t0', 't3']",5,w05
6.045391869047414,"['t0', 't3']",6,w06
7.036314490018698,['t0'],7,w07
24.5178963540034,['t0'],8,w08
23.303615157002696,['t0'],9,w09
