skill,skill_id,valuation
t00,0,1.8934316117705547
t01,1,8.788864773109433
t02,2,9.723592922948912
t03,3,6.327528933715421
t04,4,2.457589734973694
t05,5,2.660432125516924
t06,6,9.106208459076697
t07,7,7.146033123432764
t08,8,9.73449714646309
t09,9,6.423974556616562
