cost,skills,user_id,user_name
1.4174703186391238,['t00'],0,w0
7.379872605851134,"['t01', 't04']",1,w1
9.828858830602512,"['t00', 't04']",2,w2
12.373300995710807,"['t01', 't00', 't04']",3,w3
19.575745753266318,"['t01', 't04']",4,w4
