skill,freq,skill_id,valuation,new_value
telecommunications engineering,2,146,1.8152515449000248,124
embedded software,3,60,30.744914609103546,49
audio services,29,23,9.739949606252047,97
python,20,123,7.004980867191003,118
flash,47,66,9.317029777222347,124
magento,28,94,26.118923817865593,89
videography,16,157,7.447831165946251,132
anything goes,22,15,12.822894665296193,109
android,66,13,12.7969298804071,162
academic writing,62,5,4.9795837686625966,114
