skill,skill_id,valuation
t00,0,14.625474589056404
t01,1,7.4873993720899845
t02,2,16.50879611986518
t03,3,12.755996593469893
t04,4,3.946449781491915
t05,5,4.993124365107986
t06,6,4.146870570061626
t07,7,13.978560053214096
t08,8,2.1213984836182895
t09,9,11.027572325068643
