cost,skills,user_id,user_name
5.571705315002861,"['t02', 't09']",0,w0
4.232110466442714,"['t00', 't09', 't04']",1,w1
18.010865628855747,"['t01', 't04', 't03']",2,w2
17.628821404406526,"['t02', 't03', 't06']",3,w3
29.49789913726264,"['t00', 't06', 't08']",4,w4
