cost,skills,user_id,user_name
5.44993062813314,['t01'],0,w0
3.6801296715552683,"['t00', 't07', 't04']",1,w1
6.6386349684176365,"['t01', 't03']",2,w2
15.969354341021797,"['t00', 't04', 't05']",3,w3
28.962323789785565,['t01'],4,w4
