cost,skills,user_id,user_name
7.993694726673365,"['t01', 't06']",0,w00
3.6409536513765417,"['t00', 't07', 't02']",1,w01
7.4665312939218325,"['t01', 't02', 't04']",2,w02
5.907701230606943,"['t00', 't03']",3,w03
5.370687037015527,"['t01', 't04', 't05']",4,w04
8.549239435610263,"['t00', 't05', 't06']",5,w05
14.955361266182912,"['t01', 't06', 't07']",6,w06
17.31836881858267,"['t00', 't02']",7,w07
26.288360344627375,"['t01', 't07', 't04']",8,w08
30.73509656906971,"['t00', 't04', 't03']",9,w09
