skill,skill_id,valuation
t0,0,18.517105333163528
t1,1,18.755225326670438
t2,2,6.579426022908612
t3,3,4.132698683084454
t4,4,13.207489429974302
