cost,skills,user_id,user_name
7.013982412956854,['t1'],0,w00
2.910489939641995,['t0'],1,w01
2.537196535821639,['t1'],2,w02
4.2418508572768125,['t0'],3,w03
3.526764879548528,['t1'],4,w04
7.722047753009075,"['t0', 't2']",5,w05
4.2620646123000725,"['t1', 't2']",6,w06
11.888196726013865,"['t0', 't2']",7,w07
10.70655107001707,"['t1', 't2']",8,w08
23.91776120133363,"['t0', 't2']",9,w09
