cost,skills,user_id,user_name
3.8676538114143817,['t0'],0,w00
4.188946047215209,"['t0', 't3']",1,w01
5.955865586228245,['t0'],2,w02
2.058875494327296,"['t0', 't3']",3,w03
3.509856541868405,"['t0', 't3']",4,w04
12.99221807526172,"['t0', 't3']",5,w05
7.610308716005522,"['t0', 't0', 't3']",6,w06
5.307596012148227,"['t0', 't0', 't3']",7,w07
16.854475753072524,"['t0', 't0', 't3']",8,w08
35.789657182812135,['t0'],9,w09
