skill,skill_id,valuation
t00,0,15.18762289259344
t01,1,10.481033696519066
t02,2,6.254819759646703
t03,3,4.464286523941742
t04,4,16.87657387856749
t05,5,12.10008249857634
t06,6,14.818729588492172
t07,7,5.131637649837498
t08,8,3.4168323596119494
t09,9,7.294774358187874
