skill,skill_id,valuation
t00,0,15.55365014900038
t01,1,18.070517007052167
t02,2,2.0550818449064705
t03,3,8.481903009209034
t04,4,2.5394975588819904
t05,5,16.675502208077905
t06,6,14.316171205448374
t07,7,11.595185947689046
t08,8,18.947562089934603
t09,9,14.24578661368485
