cost,skills,user_id,user_name
20.622622927190623,['t00'],0,w00
9.982540880366084,['t01'],1,w01
9.555055341300715,"['t02', 't06']",2,w02
5.3783397225598515,"['t00', 't06', 't05']",3,w03
20.295166318994188,"['t01', 't05']",4,w04
12.82510094854532,['t02'],5,w05
12.7157723019015,"['t00', 't05']",6,w06
9.497162843521199,['t01'],7,w07
24.296798390960852,['t02'],8,w08
19.331945285363496,"['t00', 't05', 't07']",9,w09
