skill,skill_id,valuation
t00,0,16.773027600358105
t01,1,18.798274670114193
t02,2,5.560350261212752
t03,3,16.441892122949184
t04,4,4.247997632022385
t05,5,17.445084404652444
t06,6,13.49775664561524
t07,7,13.097136301391114
t08,8,18.95546323883399
t09,9,14.180325108156701
