skill,skill_id,valuation
t00,0,5.11743141797541
t01,1,13.27028905784444
t02,2,14.36629598410052
t03,3,8.859773130918908
t04,4,2.825690123916207
t05,5,17.95125116648999
t06,6,13.562669471505135
t07,7,11.006763315893867
t08,8,10.928602272039669
t09,9,7.843915010317952
