skill,skill_id,valuation
t00,0,12.866268657154952
t01,1,17.285667053529686
t02,2,15.667277862409653
t03,3,9.137338329689285
t04,4,1.6138663064952723
t05,5,4.282038203367225
t06,6,8.212059213565016
t07,7,7.73018771978614
t08,8,8.875723606049679
t09,9,10.387997494111715
