skill,freq,skill_id,valuation,new_value
bootstrap,2,28,3.4858135806158708,85
covers &amp; packaging,3,44,1.50695242022607,105
sales,9,128,11.800981538581475,118
classifieds posting,5,39,10.64654414601349,31
advertising,20,8,9.34515124669998,139
windows server,6,169,9.295655190482258,69
mechanical engineering,9,98,12.966168047134461,100
link building,27,90,11.629803549440858,166
linux,74,91,4.2044306281626405,74
photoshop,224,112,4.604702712130673,71
