cost,skills,user_id,user_name
6.38995484514879,['t00'],0,w00
4.058282753415502,"['t01', 't00', 't07', 't05']",1,w01
1.9635720773907375,"['t01', 't00', 't05']",2,w02
5.064527699765302,"['t01', 't05']",3,w03
6.3872611701449165,"['t00', 't01', 't05', 't04']",4,w04
22.183618203959547,"['t00', 't01', 't04']",5,w05
23.33478922067514,"['t00', 't04']",6,w06
29.400727506349206,"['t01', 't04']",7,w07
16.92135085097092,"['t00', 't04']",8,w08
34.600486958099125,"['t01', 't00', 't04', 't06']",9,w09
