skill,skill_id,valuation
t00,0,15.701897416804515
t01,1,13.655998431013872
t02,2,1.7182516495955205
t03,3,17.169646285383987
t04,4,17.95288629515011
t05,5,10.305543142190013
t06,6,7.026906389618422
t07,7,5.680980710182828
t08,8,9.773417276796923
t09,9,1.1190017481318573
