skill,skill_id,valuation
t00,0,7.964056671117929
t01,1,6.994946625217097
t02,2,1.3402244655978781
t03,3,8.65930613518189
t04,4,9.030314560860578
t05,5,5.4078888568268475
t06,6,3.8548503950824102
t07,7,3.217306652191866
t08,8,5.155829236377491
t09,9,1.0563692491150904
