cost,skills,user_id,user_name
11.93174207326372,"['t00', 't06', 't05']",0,w00
6.086980620826864,"['t01', 't05']",1,w01
8.619776649156101,"['t02', 't05', 't07']",2,w02
2.712327704403613,"['t00', 't07']",3,w03
11.483655873422485,"['t01', 't07', 't03']",4,w04
10.158105828583423,"['t02', 't03']",5,w05
15.125014905976975,"['t00', 't03', 't09']",6,w06
20.267457978110127,"['t01', 't09', 't08']",7,w07
27.921560092659032,"['t02', 't08', 't04']",8,w08
33.25365237438099,"['t00', 't04', 't06']",9,w09
