cost,skills,user_id,user_name
11.93174207326372,"['t02', 't09', 't04']",0,w00
6.086980620826864,"['t00', 't04']",1,w01
8.619776649156101,"['t01', 't04', 't03']",2,w02
2.712327704403613,"['t02', 't03']",3,w03
11.483655873422485,"['t00', 't03', 't06']",4,w04
15.237158742875136,"['t01', 't06']",5,w05
10.083343270651318,"['t02', 't06', 't08']",6,w06
20.267457978110127,"['t00', 't08', 't07']",7,w07
27.921560092659032,"['t01', 't07', 't05']",8,w08
33.25365237438099,"['t02', 't05', 't09']",9,w09
