skill,skill_id,valuation
t00,0,19.878094303919312
t01,1,1.9953537395708247
t02,2,15.69614209902754
t03,3,17.668414553687363
t04,4,1.5070790421783133
t05,5,1.2900647742414182
t06,6,4.322823951787996
t07,7,8.539279176386437
t08,8,7.949848179065105
t09,9,10.788059501753093
