cost,skills,user_id,user_name
9.547420263318134,"['t00', 't01', 't07']",0,w00
5.001700624387707,"['t00', 't07']",1,w01
6.665018423239291,"['t01', 't07']",2,w02
2.6921717400853376,"['t00', 't07']",3,w03
7.2830445580666385,"['t01', 't00', 't07']",4,w04
22.618545618200535,['t01'],5,w05
6.39346619702288,"['t00', 't01', 't07']",6,w06
4.006739262118983,['t00'],7,w07
27.206663219692405,['t01'],8,w08
10.050189444665712,['t00'],9,w09
