cost,skills,user_id,user_name
3.1824734211060446,"['t01', 't06', 't07']",0,w00
7.502550936581561,"['t00', 't02']",1,w01
6.665018423239291,"['t01', 't04']",2,w02
5.384343480170675,"['t00', 't03']",3,w03
7.2830445580666385,"['t01', 't07', 't05']",4,w04
7.539515206066845,['t00'],5,w05
19.180398591068638,"['t01', 't05', 't06']",6,w06
4.006739262118983,['t00'],7,w07
27.206663219692405,['t01'],8,w08
10.050189444665712,['t00'],9,w09
