cost,skills,user_id,user_name
23.02297506503791,['t0'],0,w00
10.833581329029705,['t0'],1,w01
5.927203942154135,['t0'],2,w02
4.573627675441979,['t0'],3,w03
11.85639371364994,['t0'],4,w04
17.935966373104225,['t0'],5,w05
4.880956976020991,['t0'],6,w06
23.406475640481208,['t0'],7,w07
15.918644941589505,['t0'],8,w08
18.93232902446983,['t0'],9,w09
