skill,skill_id,valuation
t00,0,2.3227314066729923
t01,1,1.7074180238334657
t02,2,4.151069180329392
t03,3,6.597537474508913
t04,4,9.551854945976666
t05,5,5.016395079824508
t06,6,4.47740621261895
t07,7,7.046429179071555
t08,8,7.351581951458053
t09,9,8.088491545917776
