skill,skill_id,valuation
t00,0,3.7924329696429844
t01,1,2.4934380503150946
t02,2,7.652257158473162
t03,3,12.817023557296594
t04,4,19.053915997061853
t05,5,9.479056279629518
t06,6,8.34119089330667
t07,7,13.764683822484393
t08,8,14.40889523085589
t09,9,15.964593263604192
