cost,skills,user_id,user_name
3.7851883117894407,"['t02', 't09']",0,w00
6.440164257139839,['t00'],1,w01
2.724806257766709,"['t01', 't09']",2,w02
7.405129500107525,['t02'],3,w03
4.0910460284023955,"['t00', 't09', 't04']",4,w04
12.50278839718331,"['t01', 't04']",5,w05
5.413562569593645,"['t02', 't04']",6,w06
8.511716084465895,"['t00', 't04', 't03']",7,w07
22.393737102269526,"['t01', 't03']",8,w08
31.09564762060199,"['t02', 't03', 't06']",9,w09
