cost,skills,user_id,user_name
3.7851883117894407,"['t00', 't06']",0,w00
6.440164257139839,['t01'],1,w01
2.724806257766709,"['t02', 't06']",2,w02
7.405129500107525,['t00'],3,w03
4.0910460284023955,"['t01', 't06', 't05']",4,w04
6.251394198591655,"['t02', 't05']",5,w05
10.82712513918729,"['t00', 't05']",6,w06
8.511716084465895,"['t01', 't05', 't07']",7,w07
22.393737102269526,"['t02', 't07']",8,w08
31.09564762060199,"['t00', 't07', 't03']",9,w09
