skill,freq,skill_id,valuation,new_value
invitation design,1,79,5.722088515499466,248
prestashop,8,118,1.4202837022008017,183
game design,10,69,27.044198721717528,213
c++ programming,34,36,11.021749638386748,223
illustrator,98,76,14.771548247179242,275
