skill,skill_id,valuation
t00,0,16.221444746674692
t01,1,9.412541187833977
t02,2,16.466333704428482
t03,3,7.553920422249345
t04,4,17.252442681217634
t05,5,3.3104017154130334
t06,6,11.10583134113578
t07,7,17.856099104712747
t08,8,19.94094172551705
t09,9,12.646930210266525
