skill,skill_id,valuation
t00,0,8.849787064328616
t01,1,7.934799160224016
t02,2,16.34940893654688
t03,3,15.970816086280506
t04,4,5.492230581648808
t05,5,11.545167962929511
t06,6,3.352096074436731
t07,7,3.377172321963938
t08,8,19.81080003602135
t09,9,18.177831988645472
