skill,skill_id,valuation
t00,0,4.718320188366187
t01,1,4.2849048653692705
t02,2,8.270772654153784
t03,3,8.09143919876445
t04,4,3.127898696570488
t05,5,5.995079561387664
t06,6,2.1141507721016097
t07,7,2.126028994614497
t08,8,9.910378964431168
t09,9,9.136867784095225
