cost,skills,user_id,user_name
4.463336831297288,"['t00', 't06']",0,w0
11.577064662596031,"['t01', 't06', 't05']",1,w1
16.706598630597,"['t02', 't05', 't07']",2,w2
12.482510371115634,"['t00', 't07']",3,w3
17.503197127878575,"['t01', 't07']",4,w4
