cost,skills,user_id,user_name
7.202292343897801,['t02'],0,w00
11.411014961870123,"['t00', 't09', 't04']",1,w01
2.5930736672371655,"['t01', 't04']",2,w02
19.219504819672473,['t02'],3,w03
24.6941678222809,"['t00', 't04', 't03']",4,w04
12.878069573414383,"['t01', 't03', 't06']",5,w05
6.96847566293989,"['t02', 't06', 't08']",6,w06
1.1355840587968595,"['t00', 't08']",7,w07
3.897242689033738,['t01'],8,w08
12.515185142112752,"['t02', 't08', 't07']",9,w09
