skill,skill_id,valuation
t00,0,6.908594318481215
t01,1,2.6895816160597548
t02,2,6.604874018607174
t03,3,4.200380852369737
t04,4,1.0050024250401983
t05,5,9.17685174703707
t06,6,6.510713213745792
t07,7,5.978216346454279
t08,8,8.376905244086437
t09,9,9.670407822860406
