cost,skills,user_id,user_name
4.130647100282376,['t00'],0,w0
4.608844804468536,"['t01', 't06']",1,w1
4.111209224828263,"['t02', 't06', 't05']",2,w2
10.898379103059682,"['t00', 't05']",3,w3
35.54921214245412,"['t01', 't05', 't07']",4,w4
