skill,skill_id,valuation
t0,0,11.728073425196003
t1,1,8.103306715478707
t2,2,6.434395971650837
t3,3,15.897261444055543
t4,4,15.151101809856678
