cost,skills,user_id,user_name
21.131991563581874,['t0'],0,w00
8.44651254883047,['t1'],1,w01
4.95402773386904,['t0'],2,w02
14.268935024282683,['t1'],3,w03
5.052364290802898,['t0'],4,w04
2.021130147224566,['t1'],5,w05
16.841531719091947,['t0'],6,w06
16.421392784619062,['t1'],7,w07
6.62381565107907,['t0'],8,w08
11.066381806612693,['t1'],9,w09
