skill,skill_id,valuation
t0,0,4.629375702386287
t1,1,1.9745900711645281
t2,2,4.470260200353567
t3,3,4.063446432529549
t4,4,1.2475550900782801
