cost,skills,user_id,user_name
2.086056239220888,['t0'],0,w00
1.8642471835757572,['t1'],1,w01
1.3388442320576472,['t0'],2,w02
1.218751928715822,['t1'],3,w03
3.8487419995298358,['t0'],4,w04
6.979558198485394,['t1'],5,w05
5.629409811962693,['t0'],6,w06
7.26445767633647,['t1'],7,w07
9.920774615264918,['t0'],8,w08
8.286090653895204,['t1'],9,w09
