cost,skills,user_id,user_name
3.3446194011005277,['t0'],0,w00
3.848491805899595,"['t0', 't3']",1,w01
6.077275034547568,['t0'],2,w02
10.012781816604424,['t0'],3,w03
10.873646446924816,"['t0', 't3']",4,w04
15.698243980622806,"['t0', 't3']",5,w05
14.290333600679546,['t0'],6,w06
2.6037066779514744,['t0'],7,w07
22.611292635368724,"['t0', 't3']",8,w08
19.47220668602221,"['t0', 't3']",9,w09
