cost,skills,user_id,user_name
4.014873507752122,"['t01', 't06']",0,w00
7.789590786016202,"['t00', 't07']",1,w01
6.159858534698861,"['t01', 't02']",2,w02
3.7028358119802216,"['t00', 't04']",3,w03
6.007297533711215,"['t01', 't03', 't05']",4,w04
14.32217304299905,"['t00', 't06']",5,w05
21.64125715778505,"['t01', 't05', 't07']",6,w06
22.192428753254568,"['t00', 't07', 't02']",7,w07
32.485265654677946,"['t01', 't02', 't04']",8,w08
16.79372457878101,"['t00', 't03']",9,w09
