skill,skill_id,valuation
t00,0,19.658527287846614
t01,1,8.834985152005185
t02,2,13.04682795667608
t03,3,16.406704956537837
t04,4,17.360565393424864
t05,5,15.459012092623361
t06,6,6.863397704645062
t07,7,12.87947240220376
t08,8,11.44329926875663
t09,9,10.871286919505238
