cost,skills,user_id,user_name
2.759295292683012,"['t00', 't04']",0,w0
6.262064972755439,['t01'],1,w1
8.421555226250707,"['t00', 't01', 't04']",2,w2
19.813709610832767,"['t00', 't01', 't04']",3,w3
35.405447316372005,"['t00', 't01', 't04']",4,w4
