cost,skills,user_id,user_name
7.458674317472476,"['t02', 't09']",0,w00
24.680432497202585,"['t00', 't09', 't04']",1,w01
4.4714214923028015,"['t01', 't04', 't03']",2,w02
16.23748273836219,"['t02', 't03', 't06']",3,w03
19.659247467622063,['t00'],4,w04
15.256822730830088,"['t01', 't06']",5,w05
18.50485835421999,['t02'],6,w06
22.266675928473756,"['t00', 't06', 't08']",7,w07
11.467950187873916,['t01'],8,w08
13.031981869230208,['t02'],9,w09
