cost,skills,user_id,user_name
7.458674317472476,"['t00', 't06']",0,w00
24.680432497202585,"['t01', 't06', 't05']",1,w01
4.4714214923028015,"['t02', 't05', 't07']",2,w02
16.23748273836219,"['t00', 't07', 't03']",3,w03
19.659247467622063,['t01'],4,w04
15.256822730830088,"['t02', 't03']",5,w05
18.50485835421999,['t00'],6,w06
22.266675928473756,"['t01', 't03', 't09']",7,w07
11.467950187873916,['t02'],8,w08
13.031981869230208,['t00'],9,w09
