skill,skill_id,valuation
t0,0,19.878094303919312
t1,1,1.9953537395708247
t2,2,15.69614209902754
t3,3,17.668414553687363
t4,4,1.5070790421783133
