cost,skills,user_id,user_name
6.364946842212089,"['t0', 't3']",0,w00
5.001700624387707,"['t0', 't3']",1,w01
3.3325092116196453,"['t0', 't3']",2,w02
5.384343480170675,"['t0', 't3']",3,w03
7.2830445580666385,"['t0', 't3']",4,w04
15.07903041213369,['t0'],5,w05
6.39346619702288,"['t0', 't3']",6,w06
4.006739262118983,['t0'],7,w07
18.137775479794936,['t0'],8,w08
10.050189444665712,['t0'],9,w09
