cost,skills,user_id,user_name
15.06075281991777,"['t01', 't07', 't04']",0,w0
13.436062058858631,"['t00', 't03']",1,w1
17.59735309756298,"['t01', 't05']",2,w2
17.927294208830766,"['t00', 't04', 't02']",3,w3
17.441100055106325,"['t01', 't06']",4,w4
