skill,skill_id,valuation
t0,0,9.614693490369374
t1,1,18.323574125158565
t2,2,9.605672802461061
t3,3,15.644103396704368
t4,4,13.012379296828694
