skill,skill_id,valuation
t00,0,18.833026491526603
t01,1,16.25366089990562
t02,2,3.138899927741368
t03,3,17.4513844605416
t04,4,3.4721299907787673
t05,5,13.33597547736868
t06,6,4.967701306299826
t07,7,16.45089887177626
t08,8,19.965701025079415
t09,9,5.52522993755002
