cost,skills,user_id,user_name
13.402184489736795,"['t00', 't06']",0,w0
16.20750513835698,"['t01', 't06']",1,w1
9.573942496403141,"['t02', 't06', 't05']",2,w2
6.8417266599557225,"['t00', 't05']",3,w3
20.806816264679444,"['t01', 't05', 't07']",4,w4
