skill,skill_id,valuation
t00,0,9.472892180732178
t01,1,16.679468053683593
t02,2,8.604969326076397
t03,3,18.526812401390842
t04,4,3.178011208449514
t05,5,3.288031808590482
t06,6,19.666041097204076
t07,7,1.0539174213626004
t08,8,6.029326409901731
t09,9,8.578944077217873
