cost,skills,user_id,user_name
7.053338975624593,"['t00', 't03']",0,w0
2.458411715329789,"['t01', 't00', 't03']",1,w1
14.513538700152198,"['t01', 't03']",2,w2
19.779636421722834,"['t00', 't01', 't03']",3,w3
16.776187195559707,"['t00', 't01', 't03']",4,w4
