cost,skills,user_id,user_name
23.62823022822633,"['t00', 't06', 't05']",0,w0
14.735007005880883,"['t01', 't05']",1,w1
23.337717699747756,['t02'],2,w2
1.3745612121361113,"['t00', 't05', 't07']",3,w3
11.313057782868293,"['t01', 't07', 't03']",4,w4
