skill,skill_id,valuation
t0,0,9.725100595239466
t1,1,5.375746299775076
t2,2,4.4235042230465424
t3,3,8.990694675671904
t4,4,9.765657975991886
