skill,skill_id,valuation
t0,0,12.060508239690206
t1,1,6.598497710380844
t2,2,19.294004228584367
t3,3,5.350527348624135
t4,4,8.900000631774056
