cost,skills,user_id,user_name
21.120105895933047,['t1'],0,w00
8.79599518442335,['t0'],1,w01
19.6245747983347,['t1'],2,w02
20.115807205712734,['t0'],3,w03
23.101594189037655,['t1'],4,w04
6.609595388356656,['t0'],5,w05
14.75110477316841,['t1'],6,w06
21.252981845123728,['t0'],7,w07
11.937082694987904,['t1'],8,w08
7.979212166217235,['t0'],9,w09
