cost,skills,user_id,user_name
1.4174703186391238,['t0'],0,w00
4.919915070567423,['t0'],1,w01
3.3716441229518836,['t0'],2,w02
2.639987873391553,['t0'],3,w03
4.68180931494974,"['t0', 't2']",4,w04
7.8936561937675185,"['t0', 't3']",5,w05
5.025999515979789,['t0'],6,w06
15.025147987270792,"['t0', 't1']",7,w07
8.761833057087147,"['t0', 't2']",8,w08
11.023430473925254,['t0'],9,w09
