cost,skills,user_id,user_name
8.265676891441608,"['t00', 't06', 't05']",0,w0
19.52388676211926,"['t01', 't05']",1,w1
12.85810330621284,"['t02', 't05', 't07']",2,w2
7.539262923580151,"['t00', 't07']",3,w3
16.049040162875507,"['t01', 't07']",4,w4
