cost,skills,user_id,user_name
8.265676891441608,"['t02', 't09', 't04']",0,w0
19.52388676211926,"['t00', 't04']",1,w1
12.85810330621284,"['t01', 't04', 't03']",2,w2
7.539262923580151,"['t02', 't03']",3,w3
16.049040162875507,"['t00', 't03']",4,w4
