skill,skill_id,valuation
t00,0,7.455540508007138
t01,1,6.047370186642625
t02,2,3.315463755921731
t03,3,6.37970074167904
t04,4,6.777435161485967
t05,5,6.255835687467274
t06,6,7.795293526443987
t07,7,9.45839598190286
t08,8,9.416794397993073
t09,9,8.81483142647821
