cost,skills,user_id,user_name
11.583296746006464,"['t00', 't06', 't05']",0,w0
6.100521847548489,"['t01', 't05', 't07']",1,w1
18.432270485600636,"['t02', 't07']",2,w2
15.520129644573487,"['t00', 't07']",3,w3
21.558171690323686,"['t01', 't07']",4,w4
