skill,skill_id,valuation
t0,0,15.55365014900038
t1,1,18.070517007052167
t2,2,2.0550818449064705
t3,3,8.481903009209034
t4,4,2.5394975588819904
