cost,skills,user_id,user_name
4.551064632607819,['t0'],0,w00
2.3114410276643786,['t0'],1,w01
2.2053722323093634,['t0'],2,w02
7.403703332216671,['t0'],3,w03
6.534081660523411,"['t0', 't2']",4,w04
5.5548571816338885,['t0'],5,w05
6.051974757006914,"['t0', 't2']",6,w06
11.276785538655671,"['t0', 't2']",7,w07
10.216448716726331,"['t0', 't2']",8,w08
10.260808674923117,"['t0', 't2']",9,w09
