skill,skill_id,valuation
t0,0,18.239534586334866
t1,1,5.629302838031508
t2,2,17.483735951679446
t3,3,15.55137055451536
t4,4,2.175886677871831
