cost,skills,user_id,user_name
2.086056239220888,['t1'],0,w00
1.8642471835757572,['t0'],1,w01
1.3388442320576472,['t1'],2,w02
1.218751928715822,['t0'],3,w03
3.8487419995298358,['t1'],4,w04
6.979558198485394,['t0'],5,w05
5.629409811962693,['t1'],6,w06
7.26445767633647,['t0'],7,w07
9.920774615264918,['t1'],8,w08
8.286090653895204,['t0'],9,w09
