cost,skills,user_id,user_name
8.277885878049036,"['t01', 't07']",0,w0
2.0873549909184796,['t00'],1,w1
12.63233283937606,"['t01', 't04', 't03']",2,w2
13.209139740555178,"['t00', 't03', 't05']",3,w3
35.405447316372005,"['t01', 't05', 't02']",4,w4
