skill,skill_id,valuation
t0,0,2.700426444539902
t1,1,1.338318069940779
t2,2,2.7919845558489564
t3,3,2.169396222559386
t4,4,4.553190418544507
