cost,skills,user_id,user_name
4.343503509469278,['t0'],0,w00
3.626451814365759,['t1'],1,w01
1.2464234777880725,['t0'],2,w02
3.899032973066204,['t1'],3,w03
5.820686269880118,"['t0', 't4']",4,w04
6.005668224811766,"['t1', 't4']",5,w05
4.6601704891089915,"['t0', 't4']",6,w06
8.51428199059799,"['t1', 't4']",7,w07
16.900320659365665,"['t0', 't4']",8,w08
16.612446100809628,"['t1', 't4']",9,w09
