cost,skills,user_id,user_name
4.824098654030537,"['t00', 't01', 't03']",0,w0
8.954114606703921,"['t00', 't03']",1,w1
14.929550473110927,"['t01', 't00', 't03']",2,w2
22.835499860463578,"['t01', 't00', 't03']",3,w3
34.27678254006685,"['t01', 't00', 't03']",4,w4
