skill,skill_id,valuation
t00,0,7.57919200978825
t01,1,5.0795733498605
t02,2,7.270240042933889
t03,3,4.63398255290759
t04,4,2.0206645740139746
t05,5,2.4571454699387565
t06,6,6.600834418380403
t07,7,7.425110596601096
t08,8,8.780818528291231
t09,9,5.307738866293908
