skill,skill_id,valuation
t00,0,14.889405353997416
t01,1,9.612432627483276
t02,2,14.237173423971543
t03,3,8.671740945027135
t04,4,3.1547363229183905
t05,5,4.076195992092931
t06,6,12.823983772136407
t07,7,14.564122370602313
t08,8,17.42617244861482
t09,9,10.09411538439825
