cost,skills,user_id,user_name
3.7448282270901094,"['t00', 't06']",0,w00
10.220344353396321,"['t01', 't06', 't05']",1,w01
2.556969950470755,"['t02', 't05']",2,w02
3.6099576864731047,"['t00', 't05']",3,w03
3.316345231465326,"['t01', 't05']",4,w04
19.263227245933564,"['t02', 't05']",5,w05
11.753542069416081,"['t00', 't05']",6,w06
31.31566268183056,"['t01', 't02', 't05', 't07', 't03']",7,w07
16.023798790057754,"['t00', 't03', 't09']",8,w08
19.625279771155036,"['t01', 't09', 't08', 't04']",9,w09
