skill,skill_id,valuation
t00,0,2.8629807497817414
t01,1,1.2182877919114452
t02,2,17.928309895235174
t03,3,10.315447970542236
t04,4,6.970429390626166
t05,5,8.547130642672991
t06,6,7.605499182778109
t07,7,19.97927446407846
t08,8,7.776085013878211
t09,9,8.150545395862059
