cost,skills,user_id,user_name
11.094758948690899,['t00'],0,w00
14.741651394571921,"['t01', 't07']",1,w01
21.217641603447017,"['t00', 't01', 't07']",2,w02
19.637742001077292,"['t00', 't01', 't07']",3,w03
12.781705692593922,"['t00', 't01', 't07']",4,w04
19.55374662635103,['t00'],5,w05
11.586279911983144,['t01'],6,w06
1.0608361865647327,"['t00', 't01', 't07']",7,w07
2.937367995513058,"['t00', 't01', 't07']",8,w08
7.893765118735077,"['t00', 't01', 't07']",9,w09
