skill,skill_id,valuation
t00,0,1.4106608544476154
t01,1,15.16357266815046
t02,2,8.161678802505875
t03,3,16.183808859698786
t04,4,6.374646114621821
t05,5,1.3743186002390424
t06,6,12.794829007108177
t07,7,11.295397155032024
t08,8,2.213044515729959
t09,9,15.89933250736147
