skill,skill_id,valuation
t00,0,1.1945235626330808
t01,1,7.709060737544955
t02,2,4.392374169608047
t03,3,8.192330512488898
t04,4,3.5458850016629677
t05,5,1.1773088106395464
t06,6,6.587024266524926
t07,7,5.876767073436222
t08,8,1.5746000337668227
t09,9,8.057578556118592
