cost,skills,user_id,user_name
10.490721601182802,"['t01', 't07', 't04']",0,w0
6.733574371438697,"['t00', 't03']",1,w1
23.262814745048583,"['t01', 't04', 't05']",2,w2
13.927156559687091,"['t00', 't05', 't02']",3,w3
31.78624769294455,"['t01', 't02', 't06']",4,w4
