cost,skills,user_id,user_name
8.381658989427965,"['t00', 't06']",0,w0
20.92937444458773,"['t01', 't06', 't05']",1,w1
17.611811355586408,['t02'],2,w2
1.1721001688397559,"['t00', 't05', 't07']",3,w3
17.720170859822375,['t01'],4,w4
