skill,skill_id,valuation
t0,0,9.080510136582413
t1,1,5.341300725740866
t2,2,14.947327350722096
t3,3,7.414270170082293
t4,4,7.576386443536448
