skill,skill_id,valuation
t0,0,10.384095099337511
t1,1,9.218826762265085
t2,2,1.3812113393095513
t3,3,5.919874325330854
t4,4,1.1152458921082689
