skill,skill_id,valuation
t0,0,2.9755989682815813
t1,1,2.730279318371597
t2,2,1.0802550188020108
t3,3,2.035763015859127
t4,4,1.024262293075425
