cost,skills,user_id,user_name
1.4580535304852544,['t1'],0,w00
3.978853373369888,['t0'],1,w01
1.336833365824039,['t1'],2,w02
3.564571322351082,['t0'],3,w03
2.223160662984835,['t1'],4,w04
4.864143937695149,['t0'],5,w05
5.270407770165426,['t1'],6,w06
4.8683980581695945,['t0'],7,w07
9.795319058494957,['t1'],8,w08
10.34940515110538,['t0'],9,w09
