cost,skills,user_id,user_name
1.4580535304852544,['t0'],0,w00
3.978853373369888,['t1'],1,w01
1.336833365824039,['t0'],2,w02
3.564571322351082,['t1'],3,w03
2.223160662984835,['t0'],4,w04
4.864143937695149,['t1'],5,w05
5.270407770165426,['t0'],6,w06
4.8683980581695945,['t1'],7,w07
9.795319058494957,['t0'],8,w08
10.34940515110538,['t1'],9,w09
