skill,skill_id,valuation
t00,0,12.031042058324646
t01,1,7.109846948395097
t02,2,8.539008261245081
t03,3,9.88006478258865
t04,4,8.556133204483697
t05,5,19.486089075729108
t06,6,14.837462816298963
t07,7,15.52206790323688
t08,8,14.648938427229764
t09,9,7.814003729630339
