skill,skill_id,valuation
t00,0,16.112115161501197
t01,1,17.15663556195287
t02,2,12.481686071152076
t03,3,12.273032056810953
t04,4,9.412523654717445
t05,5,19.191548356996424
t06,6,14.381551106523908
t07,7,19.014939809453804
t08,8,14.88196127031098
t09,9,18.31724915344003
