cost,skills,user_id,user_name
6.993814400788534,"['t0', 't3']",0,w00
10.100361557158045,"['t0', 't3']",1,w01
15.262814745048583,"['t0', 't3']",2,w02
2.9635782798435457,"['t0', 't3']",3,w03
8.83968576970841,"['t0', 't3']",4,w04
14.660612323536911,"['t0', 't3']",5,w05
15.910988111325974,"['t0', 't0', 't3']",6,w06
15.45771513901564,"['t0', 't0', 't3', 't2']",7,w07
22.346498725496055,"['t0', 't0', 't2', 't1']",8,w08
47.49799223386095,"['t0', 't0', 't1']",9,w09
