cost,skills,user_id,user_name
2.5784358742762548,['t00'],0,w00
4.188946047215209,"['t01', 't07']",1,w01
3.970577057485497,"['t00', 't07']",2,w02
4.117750988654592,"['t01', 't07']",3,w03
14.03942616747362,"['t00', 't01', 't07']",4,w04
19.48832711289258,"['t00', 't01', 't07']",5,w05
15.220617432011045,"['t00', 't07']",6,w06
5.307596012148227,"['t01', 't00', 't07', 't03']",7,w07
25.281713629608788,"['t01', 't00', 't03', 't04']",8,w08
23.85977145520809,"['t01', 't04']",9,w09
