cost,skills,user_id,user_name
5.1568717485525095,['t01'],0,w00
4.188946047215209,"['t00', 't06']",1,w01
7.941154114970994,"['t01', 't07']",2,w02
2.058875494327296,"['t00', 't02']",3,w03
7.01971308373681,"['t01', 't04', 't03']",4,w04
6.49610903763086,"['t00', 't03', 't05']",5,w05
15.220617432011045,"['t01', 't06']",6,w06
15.922788036444679,"['t00', 't05', 't07', 't02']",7,w07
25.281713629608788,"['t01', 't02', 't04', 't03']",8,w08
23.85977145520809,"['t00', 't05']",9,w09
