skill,skill_id,valuation
t00,0,5.805911293604813
t01,1,3.8828312397864715
t02,2,13.19312549545519
t03,3,2.623147187558785
t04,4,18.647844301587
t05,5,9.279137247405316
t06,6,13.558175355985512
t07,7,7.715272163739738
t08,8,8.139706692981441
t09,9,18.56435372739313
