cost,skills,user_id,user_name
8.277885878049036,"['t01', 't06']",0,w00
6.262064972755439,['t00'],1,w01
2.31616641968803,"['t01', 't07', 't02']",2,w02
8.860282208124577,"['t00', 't02', 't04']",3,w03
7.702723658186004,"['t01', 't04', 't03']",4,w04
6.372743578042166,"['t00', 't05']",5,w05
12.551262076827417,"['t01', 't03', 't06']",6,w06
13.964273315826711,"['t00', 't07']",7,w07
31.53221218320432,"['t01', 't02']",8,w08
20.960702065060538,"['t00', 't04']",9,w09
