skill,skill_id,valuation
t00,0,9.139147082365762
t01,1,2.6514649509552863
t02,2,2.6205830658208673
t03,3,6.358032037404827
t04,4,3.490133029220595
t05,5,7.1809838822989995
t06,6,1.6895916890854679
t07,7,6.941982009073099
t08,8,3.7194635614901577
t09,9,3.292349193588808
