cost,skills,user_id,user_name
3.974998595888887,"['t00', 't06', 't05']",0,w0
4.784312266688673,"['t01', 't05', 't07']",1,w1
12.162773667739847,"['t02', 't07', 't03']",2,w2
15.86977894239676,"['t00', 't03', 't09']",3,w3
28.873018618737753,"['t01', 't09']",4,w4
