skill,skill_id,valuation
t00,0,8.684411628802074
t01,1,14.485894012897486
t02,2,14.294653340121181
t03,3,10.524973766990072
t04,4,17.40988733061453
t05,5,3.8554624589804796
t06,6,14.422852584373997
t07,7,8.693674755756584
t08,8,1.050438309486485
t09,9,1.064589591171439
