skill,skill_id,valuation
t00,0,8.923208050752805
t01,1,9.387822949790747
t02,2,1.2656395657032653
t03,3,5.354462718868421
t04,4,10.178419262107642
t05,5,2.332484639617397
t06,6,3.1760172385396865
t07,7,3.0197689508698424
t08,8,8.404705010232707
t09,9,19.943586719023347
