skill,skill_id,valuation
t00,0,15.884094267180616
t01,1,11.408417642158515
t02,2,14.88024085577487
t03,3,15.59419113641369
t04,4,15.269493205013742
t05,5,12.14389608339075
t06,6,5.558747507990613
t07,7,12.669881332917136
t08,8,3.1039943282124693
t09,9,16.51846570419506
