skill,skill_id,valuation
t00,0,16.544613451042505
t01,1,5.177618980466701
t02,2,14.857754213253457
t03,3,17.844310392731533
t04,4,11.180874027914193
t05,5,9.84970274778892
t06,6,8.028946590727902
t07,7,17.663872638584706
t08,8,9.800313313336934
t09,9,8.686363260861183
