cost,skills,user_id,user_name
21.64001410358261,['t01'],0,w0
3.4632844121670354,"['t00', 't07']",1,w1
6.358829360271775,"['t01', 't04', 't03']",2,w2
15.424735657242078,"['t00', 't03', 't05']",3,w3
14.357416526189137,"['t01', 't05', 't02']",4,w4
