skill,skill_id,valuation
t00,0,8.160628809590772
t01,1,9.614494690678411
t02,2,1.2362548074882584
t03,3,2.56937904371932
t04,4,2.5534993927611165
t05,5,3.192100045823077
t06,6,3.759650305529495
t07,7,4.756733870044963
t08,8,1.1953473266151493
t09,9,5.614317992434394
