skill,skill_id,valuation
t00,0,16.116883042469407
t01,1,19.186155458098867
t02,2,1.498760149141879
t03,3,4.313133536740787
t04,4,4.279609829162356
t05,5,5.627766763404273
t06,6,6.825928422784489
t07,7,8.930882614539367
t08,8,1.412399911743093
t09,9,10.741337984028165
