skill,skill_id,valuation
t0,0,1.9012755695635306
t1,1,1.8714374755720975
t2,2,4.963879458480491
t3,3,3.065641928404524
t4,4,3.002119409311878
