cost,skills,user_id,user_name
3.1364149999163997,['t0'],0,w00
1.8833748815022662,['t1'],1,w01
4.27568908253533,['t0'],2,w02
4.57762751451928,['t1'],3,w03
2.0488013157288623,"['t0', 't4']",4,w04
14.848417820370088,"['t1', 't4']",5,w05
12.244213309182264,"['t0', 't4']",6,w06
4.917311828323167,"['t1', 't4']",7,w07
23.62334447587873,"['t0', 't4']",8,w08
10.569345277259323,['t1'],9,w09
