skill,skill_id,valuation
t00,0,5.886239677449699
t01,1,3.929104153153973
t02,2,8.122978783332176
t03,3,9.598337973384355
t04,4,8.046659920431726
t05,5,7.733498252339465
t06,6,6.773301577387594
t07,7,4.102953772820522
t08,8,5.3499038890262955
t09,9,4.915329546061435
