cost,skills,user_id,user_name
5.245839086589011,"['t00', 't06', 't05']",0,w00
2.860543952019655,['t01'],1,w01
4.819402555234685,"['t02', 't05']",2,w02
3.131736284385163,"['t00', 't05']",3,w03
2.8156668175001274,"['t01', 't05']",4,w04
5.528340160654575,['t02'],5,w05
8.508315276754729,"['t00', 't05']",6,w06
23.057736683079167,"['t01', 't05', 't07']",7,w07
11.77127020055807,"['t02', 't07', 't03']",8,w08
21.579479380309365,['t00'],9,w09
