skill,skill_id,valuation
t0,0,7.1224244175392775
t1,1,7.343749933644516
t2,2,4.823554383294704
t3,3,18.798066308742666
t4,4,12.570685089306025
