cost,skills,user_id,user_name
15.28808543307954,['t0'],0,w00
7.640354744588253,"['t0', 't3']",1,w01
17.482623686130665,['t0'],2,w02
2.8389111708945807,['t0'],3,w03
16.845285357528265,"['t0', 't3']",4,w04
8.251902830640422,"['t0', 't3']",5,w05
7.112931182903488,['t0'],6,w06
19.03117921836548,"['t0', 't3']",7,w07
23.467778382393185,['t0'],8,w08
21.5783430197951,"['t0', 't3']",9,w09
