cost,skills,user_id,user_name
3.2160657693536914,"['t0', 't3']",0,w00
2.984704868901307,['t0'],1,w01
7.197162854833195,"['t0', 't3']",2,w02
3.7088749651158945,"['t0', 't3']",3,w03
7.1383912700334236,"['t0', 't3']",4,w04
12.892430239178337,"['t0', 't3']",5,w05
13.611386715901103,"['t0', 't3']",6,w06
5.403723006427015,['t0'],7,w07
20.383408112013576,['t0'],8,w08
8.729596073429539,['t0'],9,w09
