skill,skill_id,valuation
t00,0,15.713105589103693
t01,1,17.4749675610755
t02,2,14.095228450739555
t03,3,14.826070643232248
t04,4,18.568741913673747
t05,5,16.79858465914598
t06,6,13.397890655838374
t07,7,11.1005569922895
t08,8,17.481760679381328
t09,9,19.604821772211906
