cost,skills,user_id,user_name
13.79633144947886,"['t01', 't06']",0,w00
16.267548169955305,['t00'],1,w01
18.645815819198138,"['t01', 't07', 't02']",2,w02
9.500136628604906,"['t00', 't02', 't04']",3,w03
13.655903767542682,"['t01', 't03']",4,w04
15.775631778821285,['t00'],5,w05
6.235051568066335,"['t01', 't04', 't05']",6,w06
14.051964468489846,"['t00', 't06']",7,w07
8.925726923826467,"['t01', 't05', 't07']",8,w08
2.792130601053252,"['t00', 't02']",9,w09
