skill,skill_id,valuation
t00,0,13.213296416154447
t01,1,12.371645893743091
t02,2,13.218520721343587
t03,3,14.667899183821568
t04,4,14.595366918317044
t05,5,17.50110632556413
t06,6,7.622241031922064
t07,7,8.197166125037173
t08,8,17.09792504649923
t09,9,5.727648539485707
