skill,skill_id,valuation
t00,0,10.60105439876416
t01,1,8.905618835722493
t02,2,12.121796597393613
t03,3,5.716952076555849
t04,4,9.93322993874418
t05,5,15.25188256761487
t06,6,5.486698212174408
t07,7,5.642666268322529
t08,8,7.16514270678064
t09,9,11.663681069010142
