cost,skills,user_id,user_name
5.838178569490449,"['t01', 't06']",0,w00
4.39135260236427,"['t00', 't07']",1,w01
7.496137574403694,"['t01', 't02']",2,w02
19.10261659392775,"['t00', 't04', 't03']",3,w03
6.844130254709402,"['t01', 't05']",4,w04
13.533425002847896,"['t00', 't03', 't06']",5,w05
8.183625794042479,"['t01', 't06', 't07']",6,w06
16.811776163503094,"['t00', 't02']",7,w07
17.003896108467217,"['t01', 't07', 't04']",8,w08
32.129707901064016,"['t00', 't04', 't03', 't05', 't09']",9,w09
