skill,skill_id,valuation
t00,0,5.204034097166078
t01,1,2.064898757386359
t02,2,3.2178534963067618
t03,3,8.511609786695423
t04,4,2.672541255753753
t05,5,12.428343483675606
t06,6,11.667929741476408
t07,7,2.459132603777042
t08,8,6.4078515913509175
t09,9,14.824357890537433
