cost,skills,user_id,user_name
3.356650609339999,['t02'],0,w00
14.105160754025,"['t00', 't10', 't09']",1,w01
18.379790626354765,"['t04', 't09', 't08']",2,w02
20.807559944849515,"['t03', 't01', 't08', 't06', 't15']",3,w03
3.0206508849909675,"['t02', 't00', 't15', 't11', 't13', 't07']",4,w04
11.822814769042157,"['t04', 't07']",5,w05
13.56615472693725,['t03'],6,w06
9.169488858659964,"['t01', 't07', 't05', 't14']",7,w07
4.211872942783927,['t02'],8,w08
7.724608993833128,['t00'],9,w09
