cost,skills,user_id,user_name
3.356650609339999,['t00'],0,w00
14.105160754025,"['t02', 't06', 't05']",1,w01
18.379790626354765,"['t03', 't05', 't07']",2,w02
20.807559944849515,"['t01', 't04', 't07', 't19', 't15']",3,w03
3.0206508849909675,"['t00', 't02', 't15', 't11', 't14', 't10']",4,w04
11.822814769042157,"['t03', 't10']",5,w05
13.56615472693725,['t01'],6,w06
9.169488858659964,"['t04', 't10', 't13', 't16']",7,w07
4.211872942783927,['t00'],8,w08
7.724608993833128,['t02'],9,w09
