cost,skills,user_id,user_name
4.551064632607819,['t0'],0,w00
2.3114410276643786,['t0'],1,w01
4.410744464618727,['t0'],2,w02
3.7018516661083356,['t0'],3,w03
6.534081660523411,"['t0', 't2']",4,w04
11.109714363267777,['t0'],5,w05
6.051974757006914,"['t0', 't3']",6,w06
5.638392769327836,"['t0', 't1']",7,w07
10.216448716726331,"['t0', 't2']",8,w08
10.260808674923117,"['t0', 't3']",9,w09
