skill,skill_id,valuation
t00,0,5.34536113245578
t01,1,17.25417042002878
t02,2,10.591884875395326
t03,3,16.416029625615245
t04,4,17.275019329972768
t05,5,17.292866093905555
t06,6,11.334753470166437
t07,7,16.654266757904928
t08,8,11.580552095276895
t09,9,10.352034359497198
