skill,skill_id,valuation
t00,0,3.795379528487916
t01,1,2.7316581197211827
t02,2,1.0769498112083853
t03,3,4.1576886302094085
t04,4,2.7594066214353576
t05,5,8.272306978719115
t06,6,1.3465349784859444
t07,7,5.432762764749652
t08,8,8.603316690729123
t09,9,8.808228744826138
