cost,skills,user_id,user_name
3.6946668795357978,['t00'],0,w0
6.238362071303569,"['t01', 't06', 't05']",1,w1
7.225730644981817,"['t02', 't05', 't07']",2,w2
12.595973481700325,"['t00', 't07']",3,w3
16.948196464228417,"['t01', 't07', 't03']",4,w4
