skill,skill_id,valuation
t00,0,16.015160977122743
t01,1,16.26532383315966
t02,2,17.138012192653065
t03,3,14.435003953240082
t04,4,2.8850958746048985
t05,5,4.167758385954676
t06,6,6.552513460294339
t07,7,15.755625190536874
t08,8,8.331232001736907
t09,9,4.048542645879663
