cost,skills,user_id,user_name
4.014873507752122,"['t00', 't03']",0,w0
7.789590786016202,"['t01', 't03']",1,w1
13.546478046265147,"['t00', 't03']",2,w2
10.270447749306962,"['t01', 't03']",3,w3
21.34306337828162,"['t00', 't01', 't03']",4,w4
