skill,skill_id,valuation
t0,0,3.469414574478599
t1,1,3.805942155798978
t2,2,4.181251800703185
t3,3,4.907051721491371
t4,4,3.01331184947933
