cost,skills,user_id,user_name
2.725300924681595,['t0'],0,w00
3.4994540950526796,['t1'],1,w01
2.1193322032633413,['t0'],2,w02
2.423150638697073,['t1'],3,w03
1.0187026087035802,['t0'],4,w04
4.106802463943081,['t1'],5,w05
6.705950898060475,['t0'],6,w06
6.21398075368038,['t1'],7,w07
9.946986817601722,['t0'],8,w08
11.021359505479712,['t1'],9,w09
