skill,skill_id,valuation
t00,0,5.277531789182203
t01,1,2.7612547527910363
t02,2,8.370973967451274
t03,3,3.6000964133821425
t04,4,8.29696054841456
t05,5,5.572697134504212
t06,6,7.076838939066243
t07,7,5.907421719182357
t08,8,7.911096634677077
t09,9,7.866933266038471
