cost,skills,user_id,user_name
6.86626044691743,"['t00', 't06']",0,w00
5.325607941662486,"['t01', 't06', 't05']",1,w01
2.149175115941475,"['t02', 't05']",2,w02
2.9229066204904828,"['t00', 't05']",3,w03
6.606785022563636,"['t01', 't05', 't07']",4,w04
9.512666806429827,"['t02', 't07']",5,w05
15.236846705062174,"['t00', 't07']",6,w06
13.892734034872571,"['t01', 't07', 't03']",7,w07
19.2725051723512,"['t02', 't03']",8,w08
30.429883945876874,"['t00', 't03', 't09']",9,w09
