skill,skill_id,valuation
t00,0,2.4434139277194924
t01,1,6.329848147345361
t02,2,5.829870865976025
t03,3,8.745640873804163
t04,4,3.679522733483415
t05,5,5.308781550193375
t06,6,4.107718987526342
t07,7,3.5914997683480645
t08,8,4.1230059046596015
t09,9,3.122760619625368
