skill,skill_id,valuation
t00,0,4.04720718074115
t01,1,12.251901644395762
t02,2,11.19639405039383
t03,3,17.351908511364346
t04,4,6.656770215131654
t05,5,10.096316605963791
t06,6,7.560740084777833
t07,7,6.470943955401469
t08,8,7.593012465392493
t09,9,5.481383530320221
