cost,skills,user_id,user_name
6.9101947286928755,['t02'],0,w00
8.484299852769034,"['t00', 't09']",1,w01
1.9717638207477624,"['t01', 't09', 't04']",2,w02
3.2119985911591113,['t02'],3,w03
3.2683153660906497,"['t00', 't04']",4,w04
16.715886626705878,"['t01', 't04', 't03']",5,w05
13.30565636011524,"['t02', 't03', 't06']",6,w06
18.73801307279951,"['t00', 't06', 't08']",7,w07
23.704434127773258,"['t01', 't08', 't07']",8,w08
17.219685755251458,"['t02', 't07']",9,w09
