cost,skills,user_id,user_name
2.303398242897625,['t00'],0,w00
8.484299852769034,"['t01', 't06']",1,w01
5.915291462243287,"['t02', 't06', 't05']",2,w02
3.2119985911591113,['t00'],3,w03
3.2683153660906497,"['t01', 't05']",4,w04
16.715886626705878,"['t02', 't05', 't07']",5,w05
13.30565636011524,"['t00', 't07', 't03']",6,w06
18.73801307279951,"['t01', 't03', 't09']",7,w07
23.704434127773258,"['t02', 't09', 't08']",8,w08
17.219685755251458,"['t00', 't08']",9,w09
