skill,skill_id,valuation
t00,0,7.521030854704472
t01,1,6.573778800029899
t02,2,4.3497066935291215
t03,3,8.988017278551757
t04,4,7.555892831028582
t05,5,6.324734158378774
t06,6,3.8799087755462445
t07,7,5.444660804093211
t08,8,9.157652846584984
t09,9,4.427062744034878
