cost,skills,user_id,user_name
10.324336943788976,"['t00', 't06']",0,w0
10.151137512397385,"['t01', 't06', 't05']",1,w1
15.540761057748892,"['t02', 't05']",2,w2
8.269924968363567,"['t00', 't05', 't07']",3,w3
32.43497034672081,"['t01', 't07', 't03']",4,w4
