skill,skill_id,valuation
t00,0,14.954308663233412
t01,1,12.47559778707907
t02,2,7.503371949565877
t03,3,3.3559069290465757
t04,4,8.484509233719217
t05,5,10.15611189637424
t06,6,3.0305621918745986
t07,7,12.511043186098114
t08,8,16.35029144403057
t09,9,15.557871720901845
