cost,skills,user_id,user_name
23.62823022822633,"['t02', 't09', 't04']",0,w0
14.735007005880883,"['t00', 't04']",1,w1
23.337717699747756,['t01'],2,w2
1.3745612121361113,"['t02', 't04', 't03']",3,w3
11.313057782868293,"['t00', 't03', 't06']",4,w4
