skill,skill_id,valuation
t00,0,2.856157025871251
t01,1,3.255056013003846
t02,2,5.019509402350158
t03,3,8.135118938145169
t04,4,8.816636770482145
t05,5,12.636109817993054
t06,6,11.521514100537974
t07,7,2.2696011200449173
t08,8,18.10894000300024
t09,9,15.623830293100916
