cost,skills,user_id,user_name
2.5784358742762548,['t01'],0,w0
4.188946047215209,"['t00', 't07']",1,w1
15.941154114970994,"['t01', 't04']",2,w2
8.07850065910306,"['t00', 't03']",3,w3
11.346475389157874,"['t01', 't05', 't02']",4,w4
