cost,skills,user_id,user_name
7.340107030119949,"['t01', 't07']",0,w0
5.263402530897243,['t00'],1,w1
16.619279275205884,"['t01', 't04']",2,w2
8.404582724725142,"['t00', 't03']",3,w3
10.99372590772977,"['t01', 't05', 't02']",4,w4
