skill,skill_id,valuation
t00,0,17.124062156269282
t01,1,9.71006219955173
t02,2,16.91336391378968
t03,3,3.1882082710559367
t04,4,17.784104350323613
t05,5,8.423492720458672
t06,6,19.608663663355202
t07,7,13.809834969080466
t08,8,1.122449268827739
t09,9,2.5312850493152985
