skill,skill_id,valuation
t00,0,1.2628489504176827
t01,1,5.195511551103357
t02,2,7.538094767094706
t03,3,6.753662893035404
t04,4,2.8561506950379236
t05,5,9.238670473255596
t06,6,1.1722970499326701
t07,7,10.468354243280693
t08,8,15.725843673385747
t09,9,9.749535121875809
