cost,skills,user_id,user_name
3.194977422574395,['t01'],0,w0
6.087424130123253,"['t00', 't07', 't04']",1,w1
15.85428830956295,"['t01', 't03']",2,w2
6.043018466510201,['t00'],3,w3
10.924840780096611,"['t01', 't04', 't05']",4,w4
