skill,skill_id,valuation
t00,0,12.626210952432865
t01,1,17.89100387537535
t02,2,9.232484721228595
t03,3,11.870038161627386
t04,4,2.79088773592751
t05,5,12.341665711992466
t06,6,9.293106050297116
t07,7,10.704615471856847
t08,8,7.584032227319347
t09,9,11.657888948919272
