skill,skill_id,valuation
t00,0,6.5071525564155674
t01,1,9.001001835704113
t02,2,4.899598025845124
t03,3,6.1489654449813935
t04,4,1.848315243334084
t05,5,6.372367968838537
t06,6,4.928313392246002
t07,7,5.596923118247981
t08,8,4.118752107677585
t09,9,6.04847371264597
