skill,skill_id,valuation
t00,0,2.476424744078838
t01,1,7.6286031515179875
t02,2,8.06641536460872
t03,3,8.008791378094422
t04,4,7.92371703221357
t05,5,6.017664938248979
t06,6,7.382093094658568
t07,7,5.366694057028568
t08,8,8.3422249506933
t09,9,6.8297801545780406
