skill,skill_id,valuation
t00,0,4.116896681944214
t01,1,14.993717764315752
t02,2,15.91798799195174
t03,3,15.796337353754891
t04,4,15.616735956895315
t05,5,11.592848202970066
t06,6,14.473307644279199
t07,7,10.218576342615865
t08,8,16.500252673685857
t09,9,13.307313659664754
