skill,skill_id,valuation
t00,0,19.492548489104184
t01,1,11.824467267156646
t02,2,2.249927478069008
t03,3,8.616583577216842
t04,4,1.8236765582491152
t05,5,15.578114859905162
t06,6,19.658076086156957
t07,7,2.887617035334085
t08,8,1.9353711130925255
t09,9,1.529521431934193
