cost,skills,user_id,user_name
7.720909685242625,"['t00', 't01', 't04']",0,w0
10.106763276601898,"['t00', 't01', 't04']",1,w1
14.475770736502643,"['t00', 't04']",2,w2
10.962468213106085,"['t01', 't04']",3,w3
21.341566254161812,"['t00', 't01', 't04']",4,w4
