cost,skills,user_id,user_name
15.946330716285797,"['t0', 't3']",0,w00
9.53434893965263,['t0'],1,w01
1.0133398001071958,['t0'],2,w02
22.80493799209885,"['t0', 't3']",3,w03
15.695235236655446,"['t0', 't3']",4,w04
14.275243590544745,"['t0', 't3']",5,w05
20.671747317563835,['t0'],6,w06
24.12108752762775,['t0'],7,w07
1.3333440426467815,['t0'],8,w08
8.221861983996058,"['t0', 't3']",9,w09
