skill,skill_id,valuation
t00,0,19.410303793782315
t01,1,2.645307807424409
t02,2,12.139312339959549
t03,3,15.537221284788416
t04,4,9.413090552690742
t05,5,18.858114301932098
t06,6,4.345214975068995
t07,7,14.860411630259033
t08,8,11.020688433099636
t09,9,11.100283154718271
