skill,skill_id,valuation
t00,0,9.080510136582413
t01,1,5.341300725740866
t02,2,14.947327350722096
t03,3,7.414270170082293
t04,4,7.576386443536448
t05,5,5.170102086382512
t06,6,9.623281018784526
t07,7,4.116256575850946
t08,8,16.035807333103303
t09,9,8.10353777834301
