cost,skills,user_id,user_name
5.726312524466017,"['t02', 't09']",0,w00
10.51405223258682,['t00'],1,w01
7.24891366990237,"['t01', 't09']",2,w02
16.979743478343252,['t02'],3,w03
17.8757994591247,['t00'],4,w04
11.018862074946759,"['t01', 't09']",5,w05
2.992859802625227,"['t02', 't09']",6,w06
23.420618717002643,"['t00', 't09']",7,w07
2.4422859937049326,"['t01', 't09', 't04']",8,w08
22.876314410409677,"['t02', 't04', 't03']",9,w09
