cost,skills,user_id,user_name
15.28808543307954,['t00'],0,w00
7.640354744588253,"['t01', 't00', 't07', 't05']",1,w01
17.482623686130665,['t01'],2,w02
2.8389111708945807,['t00'],3,w03
16.845285357528265,"['t01', 't00', 't05']",4,w04
8.251902830640422,"['t01', 't00', 't05', 't04']",5,w05
7.112931182903488,"['t01', 't04']",6,w06
19.03117921836548,"['t00', 't01', 't04', 't06']",7,w07
23.467778382393185,"['t00', 't06']",8,w08
21.5783430197951,"['t01', 't00', 't06']",9,w09
