skill,skill_id,valuation
t0,0,9.077025611564535
t1,1,2.6070108322187004
t2,2,9.511926640282542
t3,3,6.554632057157083
t4,4,17.87765448808641
