skill,skill_id,valuation
t0,0,15.2933085935281
t1,1,12.373712235555855
t2,2,6.550152554088941
t3,3,12.669612389449846
t4,4,17.497253023279132
