cost,skills,user_id,user_name
2.171751754734639,['t1'],0,w00
7.252903628731518,['t0'],1,w01
1.2464234777880725,['t1'],2,w02
3.899032973066204,['t0'],3,w03
5.820686269880118,"['t1', 't2']",4,w04
12.011336449623531,"['t0', 't2']",5,w05
4.6601704891089915,"['t1', 't2']",6,w06
4.257140995298995,"['t0', 't2']",7,w07
16.900320659365665,"['t1', 't2']",8,w08
16.612446100809628,"['t0', 't2']",9,w09
