cost,skills,user_id,user_name
6.993814400788534,['t0'],0,w00
6.733574371438697,['t0'],1,w01
3.815703686262146,['t0'],2,w02
1.4817891399217729,['t0'],3,w03
5.893123846472274,"['t0', 't2']",4,w04
7.330306161768456,"['t0', 't3']",5,w05
7.955494055662987,"['t0', 't1']",6,w06
15.45771513901564,"['t0', 't2']",7,w07
22.346498725496055,"['t0', 't3']",8,w08
23.748996116930474,"['t0', 't1']",9,w09
