cost,skills,user_id,user_name
3.496907200394267,['t0'],0,w00
6.733574371438697,['t0'],1,w01
7.631407372524292,['t0'],2,w02
1.4817891399217729,['t0'],3,w03
5.893123846472274,"['t0', 't2']",4,w04
14.660612323536911,"['t0', 't2']",5,w05
7.955494055662987,"['t0', 't2']",6,w06
7.72885756950782,"['t0', 't2']",7,w07
22.346498725496055,"['t0', 't2']",8,w08
23.748996116930474,"['t0', 't2']",9,w09
