skill,skill_id,valuation
t00,0,6.707160449133862
t01,1,5.510583958297864
t02,2,10.527274796243605
t03,3,12.89070895117811
t04,4,5.649362353925072
t05,5,1.7775645383548313
t06,6,17.04603456650389
t07,7,12.843396737077695
t08,8,5.57078185635537
t09,9,5.665577894549326
