cost,skills,user_id,user_name
18.552085384643007,['t02'],0,w0
7.2539773879467395,"['t00', 't09', 't04']",1,w1
13.617090114625839,"['t01', 't04']",2,w2
3.865753627803448,['t02'],3,w3
23.996412765381326,"['t00', 't04', 't03']",4,w4
