cost,skills,user_id,user_name
6.826596948911729,"['t00', 't01', 't04']",0,w0
3.4671615414965684,"['t00', 't01', 't04']",1,w1
16.821488929237454,"['t00', 't04']",2,w2
15.204937776288894,"['t01', 't00', 't04']",3,w3
33.068163321046825,"['t01', 't00', 't04']",4,w4
