skill,skill_id,valuation
t00,0,4.0351168863487565
t01,1,1.9004292865127004
t02,2,2.114916815305333
t03,3,3.7303490902906953
t04,4,7.2711030824940215
t05,5,7.4652805980173085
t06,6,3.710423250512529
t07,7,3.0939831379642913
t08,8,9.799682433514516
t09,9,2.5901987533151436
