cost,skills,user_id,user_name
4.297531546725253,"['t00', 't06']",0,w0
7.831172530944693,"['t01', 't06', 't05']",1,w1
14.750539385630692,"['t02', 't05', 't07']",2,w2
15.84336766104828,"['t00', 't07']",3,w3
30.852308833609257,"['t01', 't07']",4,w4
