cost,skills,user_id,user_name
2.5784358742762548,['t0'],0,w00
2.0944730236076046,['t0'],1,w01
3.970577057485497,['t0'],2,w02
1.029437747163648,['t0'],3,w03
3.509856541868405,"['t0', 't2']",4,w04
6.49610903763086,"['t0', 't3']",5,w05
7.610308716005522,"['t0', 't1']",6,w06
10.615192024296453,"['t0', 't2']",7,w07
16.854475753072524,"['t0', 't3']",8,w08
23.85977145520809,['t0'],9,w09
