cost,skills,user_id,user_name
1.2892179371381274,['t0'],0,w00
4.188946047215209,['t0'],1,w01
1.9852885287427484,['t0'],2,w02
1.029437747163648,['t0'],3,w03
7.01971308373681,"['t0', 't2']",4,w04
12.99221807526172,"['t0', 't2']",5,w05
7.610308716005522,"['t0', 't2']",6,w06
5.307596012148227,"['t0', 't2']",7,w07
16.854475753072524,"['t0', 't2']",8,w08
23.85977145520809,['t0'],9,w09
