skill,skill_id,valuation
t00,0,16.78738435081658
t01,1,10.704348635909302
t02,2,4.041326331795634
t03,3,4.178710496537052
t04,4,1.8273926189780645
t05,5,19.777629169614794
t06,6,15.451336940446964
t07,7,2.7792552093481624
t08,8,17.448527239551424
t09,9,19.964034150798483
