skill,skill_id,valuation
t00,0,4.791373837330659
t01,1,18.38460271112456
t02,2,9.376683578833878
t03,3,19.96840640299211
t04,4,16.829695539568476
t05,5,6.322233505592946
t06,6,7.404527773734592
t07,7,8.084291973729718
t08,8,8.514633813395465
t09,9,3.139862028421349
