cost,skills,user_id,user_name
12.400875701341022,"['t00', 't01', 't07', 't05']",0,w00
22.917881051514346,"['t00', 't01', 't05']",1,w01
4.87113842332632,"['t00', 't05']",2,w02
20.909212658362485,['t01'],3,w03
18.839075881923108,"['t00', 't01', 't05', 't04']",4,w04
17.170843192872656,"['t00', 't01', 't04', 't06']",5,w05
14.148202591094925,['t00'],6,w06
2.2239773633340327,"['t01', 't00', 't06']",7,w07
20.83768147475388,"['t01', 't00', 't06']",8,w08
12.214602908034458,"['t01', 't00', 't06']",9,w09
