skill,skill_id,valuation
t00,0,18.182643840549943
t01,1,4.4864260075722715
t02,2,4.421230916732942
t03,3,12.311400967854636
t04,4,6.2569475061323665
t05,5,14.04874375152011
t06,6,2.4558046769582096
t07,7,13.544184241376543
t08,8,6.741089740923666
t09,9,5.839403853131928
