skill,skill_id,valuation
t00,0,15.777586417925454
t01,1,4.8102837306584805
t02,2,13.967167007470874
t03,3,5.01504802229462
t04,4,7.034331077020105
t05,5,7.94704319498288
t06,6,6.405174184863614
t07,7,9.817567577576986
t08,8,8.662652354694217
t09,9,16.23505536481208
