skill,skill_id,valuation
t00,0,8.38557161276097
t01,1,10.746880095782842
t02,2,8.78236565430722
t03,3,11.528131404450072
t04,4,11.738841205884807
t05,5,15.55365014900038
t06,6,18.070517007052167
t07,7,2.0550818449064705
t08,8,8.481903009209034
t09,9,2.5394975588819904
