cost,skills,user_id,user_name
3.6946668795357978,['t02'],0,w0
6.238362071303569,"['t00', 't09', 't04']",1,w1
21.67719193494545,"['t01', 't04', 't03']",2,w2
4.198657827233442,"['t02', 't03']",3,w3
16.948196464228417,"['t00', 't03', 't06']",4,w4
