skill,skill_id,valuation
t00,0,2.304443659574374
t01,1,5.679322004789611
t02,2,9.420750629422558
t03,3,4.623237212326678
t04,4,11.663902901027045
t05,5,15.777586417925454
t06,6,4.8102837306584805
t07,7,13.967167007470874
t08,8,5.01504802229462
t09,9,7.034331077020105
