cost,skills,user_id,user_name
7.993694726673365,"['t00', 't04']",0,w0
3.6409536513765417,"['t01', 't00', 't04']",1,w1
15.288708391895776,"['t01', 't00', 't04']",2,w2
10.58462331609506,"['t01', 't04']",3,w3
30.741374074031054,"['t00', 't01', 't04']",4,w4
