skill,skill_id,valuation
t00,0,11.103040301797968
t01,1,1.9366996223636181
t02,2,17.000340299175107
t03,3,9.726658698001089
t04,4,9.55312993500823
t05,5,4.788027107846647
t06,6,7.347689774402774
t07,7,4.890835938911681
t08,8,3.9656331594770005
t09,9,6.047247898119043
