skill,skill_id,valuation
t00,0,1.5058452297476494
t01,1,5.33070924612356
t02,2,15.93543595720669
t03,3,15.854173512274754
t04,4,8.554384749415009
t05,5,9.745579412094832
t06,6,10.874918150390432
t07,7,1.5819675350022127
t08,8,3.1048968164363977
t09,9,4.763956524099197
