cost,skills,user_id,user_name
3.3446194011005277,['t00'],0,w00
3.848491805899595,"['t01', 't00', 't07', 't05']",1,w01
6.077275034547568,"['t01', 't05']",2,w02
10.012781816604424,['t00'],3,w03
10.873646446924816,"['t01', 't00', 't05']",4,w04
15.698243980622806,"['t01', 't00', 't05', 't04']",5,w05
14.290333600679546,"['t01', 't04']",6,w06
2.6037066779514744,['t00'],7,w07
22.611292635368724,"['t01', 't00', 't04', 't06']",8,w08
19.47220668602221,"['t01', 't00', 't06', 't02']",9,w09
