cost,skills,user_id,user_name
7.0361131611947565,"['t00', 't01', 't07']",0,w00
11.524473428106786,"['t00', 't01', 't07']",1,w01
4.84683996204551,"['t00', 't01', 't07']",2,w02
9.914096798841616,"['t00', 't01', 't07']",3,w03
6.745413709997107,"['t00', 't01', 't07']",4,w04
23.209213869459816,"['t00', 't01', 't07']",5,w05
15.048692796033935,"['t00', 't07']",6,w06
14.367366741938522,"['t01', 't00', 't07']",7,w07
30.895396080921678,"['t01', 't07']",8,w08
25.667723963828553,"['t00', 't07']",9,w09
