cost,skills,user_id,user_name
9.547420263318134,"['t00', 't01', 't04']",0,w0
7.502550936581561,"['t00', 't04']",1,w1
14.220024564319054,"['t01', 't04']",2,w2
12.512457973560899,"['t00', 't04']",3,w3
23.044059410755516,"['t01', 't00', 't04']",4,w4
