skill,skill_id,valuation
t00,0,18.112032439497842
t01,1,11.102022308757466
t02,2,10.553894417329337
t03,3,2.442617544663847
t04,4,19.192639989866844
t05,5,10.471143071208632
t06,6,16.068205791157958
t07,7,11.878544997393313
t08,8,15.080738393160436
t09,9,13.104536642748382
