cost,skills,user_id,user_name
6.583955034571444,"['t00', 't01', 't07', 't05']",0,w00
24.465819822705377,"['t00', 't01', 't05', 't04']",1,w01
5.240530008840383,"['t00', 't01', 't04', 't06']",2,w02
1.4094392438391585,"['t00', 't01', 't06']",3,w03
9.713144195711525,"['t00', 't01', 't06']",4,w04
15.955814562934643,['t00'],5,w05
17.92039349961282,['t01'],6,w06
19.77503860692598,"['t00', 't01', 't06']",7,w07
5.795587150076205,"['t00', 't01', 't06']",8,w08
24.312720861428573,"['t00', 't06']",9,w09
