skill,skill_id,valuation
t00,0,5.624603413448694
t01,1,6.721057362127968
t02,2,1.6725746836189952
t03,3,7.285551064830488
t04,4,2.6300887895249323
t05,5,8.433050553693903
t06,6,1.8153364481576544
t07,7,6.1812201499159745
t08,8,9.788955185191245
t09,9,4.181052388385323
